epoch,train_r2,validation_r2,train_rmse,validation_rmse,time,band_1,band_2,band_3,band_4,band_5
0,0,0,0.21372,0.21295,2.42,1520,3598,2253,1850,1497
1,0,0,0.2079,0.2069,2.44,1618,4007,1571,852,806
2,0,0,0.19897,0.19778,2.46,1537,4105,1566,588,434
3,0,0,0.18788,0.18658,2.48,1323,4160,1495,351,235
4,0,0,0.18082,0.17987,2.5,1174,4182,1559,205,139
5,0,0,0.17766,0.17677,2.52,967,4191,1676,129,89
6,0,0,0.17545,0.1746,2.54,769,4194,1632,86,63
7,0,0,0.17333,0.17245,2.56,591,4196,1595,61,47
8,0,0,0.17126,0.17039,2.58,444,4197,1601,47,37
9,0,0,0.16944,0.16858,2.59,333,4198,1642,38,30
10,0,0,0.16776,0.16692,2.61,250,4198,1670,32,25
11,0,0,0.16622,0.16543,2.63,191,4199,1692,28,22
12,0,0,0.16477,0.164,2.65,149,4199,1679,24,20
13,0,0,0.16337,0.16264,2.67,119,4199,1664,22,18
14,0,0,0.16202,0.16131,2.69,96,4199,1648,20,17
15,0,0,0.16072,0.16003,2.71,80,4199,1637,19,16
16,0,0,0.15946,0.15878,2.73,68,4199,1641,18,16
17,0,0,0.15826,0.15759,2.75,58,4199,1655,17,16
18,0,0,0.15711,0.15645,2.77,50,4199,1679,17,16
19,0,0,0.15603,0.15538,2.79,44,4199,1707,17,16
20,0,0,0.15501,0.15437,2.81,39,4199,1739,17,16
21,0,0,0.15407,0.15344,2.83,35,4199,1767,17,16
22,0,0,0.15321,0.15259,2.84,32,4199,1798,17,17
23,0,0,0.15241,0.1518,2.86,29,4199,1792,17,17
24,0,0,0.15169,0.15108,2.88,27,4199,1789,17,18
25,0,0,0.15103,0.15043,2.9,25,4200,1781,18,19
26,0,0,0.15044,0.14984,2.92,23,4200,1766,18,19
27,0,0,0.14991,0.14932,2.94,21,4200,1740,18,20
28,0,0,0.14944,0.14886,2.96,20,4200,1734,18,21
29,0,0,0.14905,0.14848,2.98,18,4200,1759,19,22
30,0,0,0.1487,0.14814,3.0,17,4200,1765,19,23
31,0,0,0.14838,0.14783,3.01,16,4200,1744,19,24
32,0,0,0.14812,0.14758,3.03,15,4200,1683,19,25
33,0,0,0.14788,0.14735,3.05,14,4200,1706,20,26
34,0,0,0.14769,0.14717,3.07,14,4200,1696,20,27
35,0,0,0.14754,0.14703,3.09,13,4200,1670,20,28
36,0,0,0.1474,0.14689,3.11,12,4200,1658,20,29
37,0,0,0.14726,0.14676,3.13,12,4200,1674,20,30
38,0,0,0.14711,0.14662,3.15,11,4200,1719,20,30
39,0,0,0.14701,0.14653,3.17,11,4200,1751,20,31
40,0,0,0.1469,0.14642,3.18,10,4200,1761,20,32
41,0,0,0.14686,0.14639,3.2,10,4200,1816,20,32
42,0,0,0.14672,0.14626,3.22,10,4200,1808,20,33
43,0,0,0.14653,0.14606,3.24,9,4200,1690,19,33
44,0,0,0.14643,0.14595,3.26,9,4200,1602,18,34
45,0,0,0.14562,0.14508,3.28,8,4200,1207,16,31
46,0,0,0.14509,0.14446,3.3,8,4199,868,12,30
47,0,0,0.14471,0.14399,3.32,8,4199,721,11,30
48,0,0,0.14348,0.14275,3.34,8,4199,509,8,29
49,0,0,0.14221,0.14153,3.35,8,4199,311,6,29
50,0,0,0.14148,0.14081,3.37,9,4199,180,4,29
51,0,0,0.14119,0.14055,3.39,9,4199,107,3,30
52,0,0,0.14108,0.14047,3.41,10,4199,68,2,32
53,0,0,0.14097,0.14037,3.43,12,4199,47,2,35
54,0,0,0.14086,0.14028,3.45,14,4199,35,1,39
55,0,0,0.14075,0.14019,3.47,16,4199,27,1,45
56,0,0,0.14063,0.14009,3.49,19,4199,22,1,53
57,0,0,0.14048,0.13996,3.51,24,4199,19,1,65
58,0,0,0.14029,0.13978,3.53,29,4199,18,1,80
59,0,0,0.14008,0.13956,3.55,37,4199,17,0,103
60,0,0,0.13987,0.13935,3.57,47,4199,17,0,134
61,0,0,0.1396,0.13909,3.59,61,4199,17,0,178
62,0,0,0.13899,0.13846,3.61,83,4199,20,0,281
63,0,0,0.13872,0.13812,3.63,127,4199,24,0,536
64,0,0,0.13876,0.13813,3.64,147,4199,27,0,598
65,0,0,0.13801,0.13742,3.66,132,4199,28,0,430
66,0,0,0.13809,0.13755,3.68,114,4199,29,0,286
67,0,0,0.13804,0.13749,3.7,112,4199,32,0,249
68,0,0,0.13778,0.13722,3.72,120,4199,38,0,257
69,0,0,0.1373,0.13674,3.74,141,4199,46,0,312
70,0,0,0.13691,0.1363,3.76,183,4199,60,0,451
71,0,0,0.13694,0.13631,3.78,217,4199,76,0,547
72,0,0.00097,0.1365,0.13587,3.8,217,4199,88,0,486
73,0.00329,0.00532,0.13616,0.13558,3.82,198,4199,97,0,362
74,0.00362,0.00548,0.13614,0.13557,3.84,199,4199,113,0,316
75,0.00838,0.01045,0.13581,0.13523,3.86,229,4199,138,0,344
76,0.01193,0.01468,0.13557,0.13494,3.88,294,4199,173,0,437
77,0.01245,0.01549,0.13553,0.13488,3.9,351,4199,201,0,480
78,0.01722,0.02,0.1352,0.13457,3.92,350,4199,209,0,423
79,0.01844,0.02047,0.13512,0.13454,3.94,319,4199,202,0,332
80,0.0205,0.02244,0.13498,0.13441,3.96,341,4199,199,0,317
81,0.02512,0.02756,0.13466,0.13405,3.97,422,4199,203,0,366
82,0.02603,0.02907,0.1346,0.13395,3.99,465,4199,204,0,422
83,0.03164,0.03409,0.13421,0.1336,4.01,394,4199,188,0,394
84,0.0333,0.03505,0.13409,0.13354,4.03,316,4199,171,0,354
85,0.03635,0.03812,0.13388,0.13332,4.05,296,4199,162,0,375
86,0.03902,0.04122,0.1337,0.13311,4.07,311,4199,158,0,442
87,0.04091,0.0432,0.13356,0.13297,4.09,326,4199,149,0,471
88,0.0447,0.04676,0.1333,0.13272,4.11,327,4199,136,0,439
89,0.04764,0.04921,0.1331,0.13255,4.13,330,4199,123,0,383
90,0.05036,0.0519,0.13291,0.13236,4.15,368,4199,117,0,371
91,0.05229,0.05445,0.13277,0.13219,4.17,437,4199,115,0,403
92,0.05493,0.05693,0.13258,0.13201,4.19,435,4199,112,0,393
93,0.05778,0.05917,0.13238,0.13186,4.21,382,4199,108,0,369
94,0.06048,0.06184,0.1322,0.13167,4.22,357,4199,108,0,385
95,0.06296,0.06463,0.13202,0.13147,4.24,362,4199,111,0,427
96,0.06485,0.06667,0.13189,0.13133,4.26,366,4199,113,0,450
97,0.06785,0.06926,0.13168,0.13115,4.28,351,4199,111,0,415
98,0.06993,0.07099,0.13153,0.13103,4.3,350,4199,110,0,384
99,0.07288,0.07427,0.13132,0.13079,4.32,389,4199,113,0,397
100,0.07489,0.07655,0.13118,0.13063,4.34,420,4199,116,0,407
101,0.07741,0.07888,0.131,0.13047,4.36,412,4199,119,0,397
102,0.07978,0.08088,0.13083,0.13033,4.38,381,4199,122,0,387
103,0.0822,0.08332,0.13066,0.13015,4.4,372,4199,127,0,401
104,0.08409,0.08569,0.13052,0.12999,4.41,390,4199,136,0,440
105,0.08669,0.08795,0.13034,0.12982,4.43,374,4199,139,0,420
106,0.0888,0.08975,0.13019,0.1297,4.46,367,4199,142,0,399
107,0.09123,0.09244,0.13001,0.1295,4.48,394,4199,148,0,408
108,0.09312,0.09453,0.12988,0.12935,4.5,416,4199,154,0,415
109,0.09543,0.09641,0.12971,0.12922,4.52,395,4199,155,0,393
110,0.09743,0.0982,0.12957,0.12909,4.54,380,4199,158,0,390
111,0.09965,0.10087,0.12941,0.1289,4.56,394,4199,166,0,424
112,0.10163,0.10284,0.12927,0.12876,4.58,390,4199,171,0,430
113,0.10351,0.10411,0.12913,0.12867,4.6,367,4199,170,0,396
114,0.10594,0.10696,0.12896,0.12846,4.62,396,4199,175,0,415
115,0.10752,0.10884,0.12884,0.12833,4.64,421,4199,179,0,426
116,0.10981,0.11045,0.12868,0.12821,4.66,391,4199,178,1,392
117,0.11174,0.1123,0.12854,0.12808,4.68,385,4199,181,1,392
118,0.11374,0.11481,0.12839,0.1279,4.7,409,4199,188,1,422
119,0.11586,0.11668,0.12824,0.12776,4.71,396,4199,190,1,414
120,0.11726,0.11753,0.12814,0.1277,4.73,375,4199,190,1,388
121,0.11969,0.12045,0.12796,0.12749,4.75,403,4199,198,1,409
122,0.12147,0.12237,0.12783,0.12735,4.77,413,4199,204,1,416
123,0.12345,0.12401,0.12769,0.12723,4.79,397,4199,207,1,402
124,0.12505,0.12534,0.12757,0.12714,4.81,380,4199,214,1,395
125,0.12719,0.12788,0.12742,0.12695,4.83,395,4199,227,1,415
126,0.12884,0.12978,0.12729,0.12681,4.85,408,4199,238,1,426
127,0.13078,0.1312,0.12715,0.12671,4.87,388,4199,244,1,398
128,0.13271,0.13349,0.12701,0.12654,4.89,406,4199,258,1,410
129,0.13461,0.13528,0.12687,0.12641,4.91,401,4199,273,1,404
130,0.13648,0.13725,0.12674,0.12627,4.93,399,4199,292,1,410
131,0.13832,0.1389,0.1266,0.12615,4.94,387,4199,309,1,400
132,0.14019,0.14097,0.12646,0.12599,4.96,390,4199,332,1,407
133,0.14179,0.14282,0.12635,0.12586,4.98,397,4199,356,1,412
134,0.14334,0.14394,0.12623,0.12578,5.0,377,4199,364,1,389
135,0.14518,0.14584,0.1261,0.12564,5.02,385,4199,367,1,389
136,0.14668,0.1479,0.12599,0.12548,5.04,417,4199,367,1,415
137,0.14888,0.14931,0.12582,0.12538,5.06,392,4199,341,1,389
138,0.15046,0.15076,0.12571,0.12527,5.08,390,4199,329,1,389
139,0.15191,0.15294,0.1256,0.12511,5.1,421,4199,333,1,422
140,0.15387,0.15421,0.12545,0.12502,5.11,392,4199,323,1,399
141,0.15559,0.15599,0.12532,0.12489,5.13,392,4199,329,1,403
142,0.15725,0.15808,0.1252,0.12473,5.15,409,4199,345,1,416
143,0.15903,0.15961,0.12507,0.12462,5.17,396,4199,356,1,403
144,0.16031,0.16061,0.12497,0.12455,5.19,388,4199,365,1,385
145,0.16128,0.16255,0.1249,0.1244,5.21,429,4199,384,1,419
146,0.16355,0.16386,0.12473,0.1243,5.23,393,4199,367,1,386
147,0.16495,0.16507,0.12463,0.12421,5.25,389,4199,356,1,383
148,0.16552,0.16688,0.12459,0.12408,5.27,434,4199,368,1,440
149,0.16773,0.16761,0.12442,0.12402,5.29,379,4199,344,1,390
150,0.16985,0.17033,0.12426,0.12382,5.31,404,4199,351,1,408
151,0.17065,0.17172,0.1242,0.12372,5.32,433,4199,361,1,425
152,0.1724,0.17241,0.12407,0.12367,5.34,393,4199,355,1,384
153,0.17421,0.17455,0.12394,0.12351,5.36,400,4199,370,1,396
154,0.17531,0.17623,0.12385,0.12338,5.38,414,4199,388,1,418
155,0.17659,0.17662,0.12376,0.12335,5.4,382,4199,376,1,389
156,0.1784,0.17907,0.12362,0.12317,5.42,414,4199,379,1,409
157,0.17981,0.18029,0.12351,0.12308,5.44,415,4199,368,1,402
158,0.18078,0.18075,0.12344,0.12304,5.46,401,4199,357,1,385
159,0.18118,0.1825,0.12341,0.12291,5.48,442,4199,375,1,438
160,0.18344,0.18343,0.12324,0.12284,5.49,385,4199,365,1,397
161,0.1847,0.18471,0.12315,0.12274,5.51,379,4199,377,1,399
162,0.18499,0.18637,0.12312,0.12262,5.53,431,4199,400,1,441
163,0.18702,0.18681,0.12297,0.12259,5.55,386,4199,374,1,382
164,0.18867,0.18865,0.12285,0.12245,5.57,400,4199,373,1,387
165,0.18931,0.1905,0.1228,0.12231,5.59,441,4199,387,1,425
166,0.19131,0.19139,0.12265,0.12224,5.61,404,4199,372,1,394
167,0.19236,0.19228,0.12257,0.12217,5.63,395,4199,371,1,393
168,0.19314,0.19419,0.12251,0.12203,5.65,421,4199,393,1,433
169,0.19481,0.19488,0.12238,0.12198,5.67,390,4199,383,1,401
170,0.19619,0.19667,0.12228,0.12184,5.69,412,4199,386,1,408
171,0.19726,0.19777,0.12219,0.12176,5.7,425,4199,378,1,405
172,0.19823,0.19821,0.12212,0.12172,5.72,412,4199,373,1,388
173,0.19913,0.20008,0.12205,0.12158,5.74,429,4199,389,1,424
174,0.20054,0.20054,0.12194,0.12155,5.76,392,4199,381,1,401
175,0.20173,0.20216,0.12185,0.12142,5.78,401,4199,390,1,417
176,0.20264,0.20344,0.12178,0.12133,5.8,418,4199,393,1,423
177,0.20261,0.20197,0.12179,0.12144,5.82,385,4199,374,1,374
178,0.20335,0.20486,0.12173,0.12122,5.84,459,4199,401,1,430
179,0.206,0.20625,0.12153,0.12111,5.86,420,4199,385,1,393
180,0.2063,0.20586,0.1215,0.12114,5.88,391,4199,380,1,380
181,0.20738,0.2085,0.12142,0.12094,5.89,425,4199,404,1,433
182,0.20914,0.20943,0.12129,0.12087,5.91,399,4199,394,1,410
183,0.20977,0.20949,0.12124,0.12086,5.93,394,4199,379,1,390
184,0.21011,0.21134,0.12121,0.12072,5.96,453,4199,388,1,424
185,0.21184,0.2119,0.12108,0.12068,5.98,423,4199,374,1,389
186,0.21234,0.21189,0.12104,0.12068,6.0,394,4199,378,1,381
187,0.21218,0.21371,0.12105,0.12054,6.02,428,4199,423,1,449
188,0.21437,0.21431,0.12088,0.1205,6.04,377,4199,405,1,404
189,0.21582,0.21579,0.12077,0.12038,6.05,391,4199,392,1,402
190,0.21673,0.21747,0.1207,0.12025,6.07,434,4199,386,1,413
191,0.21729,0.21729,0.12066,0.12027,6.09,428,4199,369,1,386
192,0.2186,0.21916,0.12056,0.12012,6.11,434,4199,380,1,405
193,0.21975,0.21995,0.12047,0.12006,6.13,405,4199,393,1,402
194,0.22048,0.22088,0.12041,0.11999,6.15,399,4199,412,1,407
195,0.22115,0.22192,0.12036,0.11991,6.17,407,4199,422,1,415
196,0.22231,0.22245,0.12027,0.11987,6.19,404,4199,401,1,393
197,0.22295,0.22386,0.12022,0.11976,6.21,438,4199,393,1,415
198,0.22401,0.22418,0.12014,0.11974,6.23,419,4199,377,1,398
199,0.22497,0.22535,0.12007,0.11965,6.25,414,4199,380,2,412
200,0.22573,0.22614,0.12001,0.11959,6.27,399,4199,388,2,422
201,0.22646,0.22655,0.11995,0.11955,6.29,388,4199,394,2,410
202,0.22736,0.22829,0.11988,0.11942,6.31,430,4199,406,2,414
203,0.22805,0.22829,0.11983,0.11942,6.33,428,4199,395,2,383
204,0.22901,0.22946,0.11975,0.11933,6.34,431,4199,400,2,388
205,0.23008,0.23046,0.11967,0.11925,6.36,404,4199,407,2,402
206,0.23074,0.23138,0.11962,0.11918,6.38,401,4199,411,2,419
207,0.23169,0.23231,0.11954,0.11911,6.4,407,4199,402,2,417
208,0.23204,0.23191,0.11952,0.11914,6.42,409,4199,380,2,387
209,0.23243,0.23357,0.11949,0.11901,6.44,457,4199,387,2,413
210,0.23372,0.23381,0.11939,0.11899,6.46,421,4199,387,2,384
211,0.2347,0.23562,0.11931,0.11885,6.48,415,4199,419,2,416
212,0.23521,0.23578,0.11927,0.11884,6.5,390,4199,426,2,413
213,0.23621,0.23646,0.11919,0.11879,6.52,392,4199,413,2,400
214,0.2367,0.23789,0.11915,0.11867,6.54,441,4199,398,2,421
215,0.23708,0.23698,0.11912,0.11875,6.56,422,4199,370,2,383
216,0.23837,0.23932,0.11902,0.11856,6.57,437,4199,386,2,418
217,0.23927,0.23933,0.11895,0.11856,6.59,395,4199,393,2,398
218,0.23905,0.24056,0.11897,0.11847,6.61,418,4199,431,2,440
219,0.2388,0.23819,0.11899,0.11865,6.63,369,4199,408,2,377
220,0.24047,0.24216,0.11886,0.11834,6.65,445,4199,426,2,428
221,0.24232,0.24277,0.11871,0.11829,6.67,426,4199,396,2,390
222,0.24227,0.24206,0.11872,0.11835,6.69,410,4199,375,2,382
223,0.24248,0.2441,0.1187,0.11819,6.71,438,4198,402,2,447
224,0.24352,0.24325,0.11862,0.11826,6.73,375,4198,390,2,399
225,0.24524,0.24613,0.11849,0.11803,6.75,405,4198,410,2,425
226,0.24592,0.2471,0.11843,0.11795,6.77,427,4198,413,2,417
227,0.24467,0.24409,0.11853,0.11819,6.78,401,4198,388,3,362
228,0.24376,0.24607,0.1186,0.11804,6.8,486,4198,414,2,444
229,0.24745,0.24729,0.11831,0.11794,6.82,404,4198,382,3,384
230,0.24888,0.24958,0.1182,0.11776,6.84,407,4198,393,3,420
231,0.2488,0.25026,0.11821,0.11771,6.87,415,4198,413,3,443
232,0.24895,0.24863,0.11819,0.11783,6.88,379,4198,397,3,385
233,0.24817,0.25045,0.11826,0.11769,6.9,464,4198,429,3,442
234,0.2506,0.25058,0.11806,0.11768,6.92,413,4198,403,3,370
235,0.25233,0.25305,0.11793,0.11749,6.94,423,4198,411,3,393
236,0.25276,0.25411,0.11789,0.1174,6.96,416,4198,417,3,428
237,0.25322,0.25344,0.11786,0.11746,6.98,383,4198,396,3,409
238,0.2544,0.25499,0.11776,0.11733,7.0,409,4198,388,3,411
239,0.25479,0.25596,0.11773,0.11726,7.02,437,4198,391,3,417
240,0.25565,0.25616,0.11767,0.11724,7.04,419,4198,391,3,394
241,0.25651,0.25733,0.1176,0.11715,7.06,414,4198,413,3,398
242,0.25693,0.25816,0.11756,0.11708,7.08,404,4198,426,4,419
243,0.25767,0.25877,0.11751,0.11704,7.09,400,4198,420,4,419
244,0.25846,0.25906,0.11744,0.11701,7.11,402,4198,403,4,401
245,0.25863,0.26024,0.11743,0.11692,7.13,441,4198,404,4,420
246,0.25943,0.25993,0.11737,0.11695,7.15,418,4198,392,4,387
247,0.26053,0.26172,0.11728,0.1168,7.17,413,4198,406,4,415
248,0.26075,0.26196,0.11726,0.11678,7.19,393,4198,419,4,426
249,0.26121,0.26196,0.11723,0.11678,7.21,381,4198,420,4,410
250,0.26244,0.26376,0.11713,0.11664,7.23,418,4198,420,4,405
251,0.26289,0.26418,0.11709,0.11661,7.25,436,4198,409,4,396
252,0.26339,0.26411,0.11705,0.11661,7.26,423,4198,390,4,389
253,0.26429,0.26534,0.11698,0.11652,7.28,408,4198,390,4,418
254,0.26481,0.26607,0.11694,0.11646,7.3,400,4198,401,5,428
255,0.26544,0.26629,0.11689,0.11644,7.32,388,4198,411,5,406
256,0.26606,0.26782,0.11684,0.11632,7.34,422,4198,429,5,415
257,0.26672,0.26777,0.11679,0.11632,7.36,412,4198,422,5,387
258,0.26761,0.26893,0.11672,0.11623,7.38,423,4197,413,5,396
259,0.26828,0.26931,0.11666,0.1162,7.4,409,4197,394,5,403
260,0.26854,0.26976,0.11664,0.11617,7.42,402,4197,386,5,427
261,0.26914,0.27039,0.1166,0.11612,7.44,402,4197,386,5,429
262,0.27022,0.27152,0.11651,0.11603,7.46,414,4197,393,5,412
263,0.27085,0.27212,0.11646,0.11598,7.48,412,4197,415,6,395
264,0.27102,0.27289,0.11644,0.11592,7.5,428,4197,438,6,401
265,0.2719,0.27345,0.11637,0.11587,7.51,410,4197,435,6,398
266,0.27255,0.27382,0.11632,0.11584,7.53,389,4197,417,6,410
267,0.27298,0.27463,0.11629,0.11578,7.55,407,4197,393,6,434
268,0.27375,0.27507,0.11623,0.11574,7.57,414,4197,381,6,415
269,0.27447,0.27551,0.11617,0.11571,7.59,412,4197,391,6,394
270,0.27472,0.27695,0.11615,0.11559,7.61,438,4197,426,7,415
271,0.27537,0.27662,0.1161,0.11562,7.63,397,4197,433,7,388
272,0.27613,0.27748,0.11604,0.11555,7.65,391,4197,433,7,398
273,0.27583,0.27839,0.11606,0.11548,7.67,426,4197,427,7,444
274,0.27703,0.27774,0.11596,0.11553,7.69,386,4197,390,8,396
275,0.2784,0.28012,0.11585,0.11534,7.71,422,4197,392,8,416
276,0.27868,0.28079,0.11583,0.11529,7.73,437,4197,398,8,421
277,0.27871,0.27947,0.11583,0.11539,7.75,393,4196,399,8,381
278,0.27915,0.28179,0.11579,0.11521,7.77,431,4196,422,8,441
279,0.28032,0.28147,0.1157,0.11523,7.79,379,4196,406,9,407
280,0.28141,0.28361,0.11561,0.11506,7.81,419,4196,413,9,427
281,0.28225,0.28393,0.11554,0.11503,7.82,424,4196,400,9,399
282,0.28229,0.28358,0.11554,0.11506,7.84,422,4196,391,9,384
283,0.28236,0.2851,0.11554,0.11494,7.86,442,4196,413,9,435
284,0.283,0.28396,0.11548,0.11503,7.88,375,4196,403,10,398
285,0.28379,0.28642,0.11542,0.11483,7.9,414,4196,421,10,444
286,0.28546,0.28719,0.11529,0.11477,7.92,400,4196,413,11,409
287,0.2858,0.28731,0.11526,0.11476,7.94,412,4196,406,11,389
288,0.28585,0.28851,0.11525,0.11466,7.96,453,4196,413,11,413
289,0.2871,0.28861,0.11515,0.11466,7.98,413,4196,397,11,392
290,0.28799,0.28991,0.11508,0.11455,7.99,404,4195,404,12,414
291,0.28822,0.29073,0.11506,0.11449,8.01,414,4195,418,12,430
292,0.28754,0.28852,0.11512,0.11466,8.03,378,4195,412,13,382
293,0.28737,0.29065,0.11513,0.11449,8.05,463,4195,431,12,432
294,0.28995,0.29163,0.11492,0.11441,8.07,422,4195,400,13,383
295,0.2905,0.29183,0.11488,0.1144,8.09,393,4195,392,13,395
296,0.28988,0.2928,0.11493,0.11432,8.11,416,4195,406,13,461
297,0.29169,0.29342,0.11478,0.11427,8.13,380,4195,400,14,419
298,0.29282,0.29457,0.11469,0.11418,8.15,396,4195,412,15,398
299,0.29203,0.29518,0.11475,0.11413,8.17,452,4195,434,15,422
300,0.29276,0.29414,0.1147,0.11421,8.18,405,4194,414,16,369
301,0.2949,0.29733,0.11452,0.11395,8.2,424,4194,408,16,412
302,0.29477,0.29748,0.11453,0.11394,8.22,416,4194,400,16,441
303,0.29455,0.29572,0.11455,0.11408,8.24,372,4194,385,17,401
304,0.29503,0.29824,0.11451,0.11388,8.26,441,4194,418,17,442
305,0.29691,0.29882,0.11436,0.11383,8.28,414,4194,418,18,382
306,0.29702,0.29862,0.11435,0.11385,8.3,410,4194,413,19,374
307,0.29771,0.30069,0.11429,0.11368,8.32,432,4194,413,18,436
308,0.29851,0.30018,0.11423,0.11372,8.34,382,4193,385,19,415
309,0.2997,0.30208,0.11413,0.11357,8.36,408,4193,392,19,429
310,0.30057,0.30304,0.11406,0.11349,8.38,428,4193,402,20,411
311,0.3007,0.30248,0.11405,0.11353,8.4,416,4193,402,21,381
312,0.30106,0.30405,0.11402,0.11341,8.42,440,4193,411,21,426
313,0.30158,0.30307,0.11398,0.11349,8.44,378,4193,399,23,400
314,0.30281,0.3052,0.11388,0.11331,8.46,397,4192,406,23,431
315,0.30385,0.3062,0.11379,0.11323,8.48,410,4192,402,24,419
316,0.3039,0.30548,0.11379,0.11329,8.5,405,4192,391,24,387
317,0.3049,0.30748,0.11371,0.11313,8.52,435,4192,400,25,409
318,0.30582,0.30825,0.11363,0.11306,8.53,419,4192,408,26,410
319,0.3061,0.30792,0.11361,0.11309,8.55,389,4191,412,27,400
320,0.30609,0.30923,0.11361,0.11298,8.57,424,4191,426,28,432
321,0.30739,0.30913,0.1135,0.11299,8.59,399,4191,408,29,390
322,0.30831,0.31059,0.11343,0.11287,8.61,423,4191,403,29,398
323,0.30856,0.31142,0.11341,0.1128,8.63,429,4191,399,30,424
324,0.30885,0.31036,0.11338,0.11289,8.65,385,4190,386,32,400
325,0.31025,0.31261,0.11327,0.11271,8.67,406,4190,395,32,418
326,0.31102,0.31351,0.1132,0.11263,8.69,413,4190,411,34,408
327,0.3114,0.31359,0.11317,0.11263,8.71,406,4190,420,36,393
328,0.31211,0.31475,0.11312,0.11253,8.73,407,4189,424,37,411
329,0.31294,0.31545,0.11305,0.11247,8.75,405,4189,411,38,413
330,0.31316,0.31488,0.11303,0.11252,8.77,392,4189,392,39,396
331,0.31366,0.31668,0.11299,0.11237,8.79,436,4189,392,39,418
332,0.31444,0.31637,0.11292,0.1124,8.81,416,4188,386,41,388
333,0.31554,0.31828,0.11283,0.11224,8.83,419,4188,405,43,411
334,0.31623,0.31867,0.11278,0.11221,8.85,398,4187,410,46,410
335,0.31691,0.31954,0.11272,0.11214,8.87,404,4187,415,48,411
336,0.31764,0.3202,0.11266,0.11208,8.89,415,4186,411,50,401
337,0.31831,0.32097,0.1126,0.11202,8.91,422,4186,404,52,403
338,0.31896,0.32112,0.11255,0.11201,8.93,407,4185,398,55,394
339,0.31974,0.32254,0.11249,0.11189,8.95,419,4185,405,58,411
340,0.32056,0.32285,0.11242,0.11186,8.97,402,4184,398,62,405
341,0.3213,0.32393,0.11236,0.11177,8.98,406,4183,402,66,415
342,0.322,0.3243,0.1123,0.11174,9.0,397,4182,397,71,409
343,0.32291,0.32519,0.11222,0.11167,9.02,403,4181,405,77,401
344,0.32355,0.32654,0.11217,0.11156,9.04,421,4179,410,82,417
345,0.3243,0.32623,0.11211,0.11158,9.06,399,4178,401,90,390
346,0.32525,0.32829,0.11203,0.11141,9.08,428,4176,412,97,410
347,0.32632,0.32871,0.11194,0.11138,9.1,411,4174,407,108,394
348,0.3272,0.32967,0.11187,0.1113,9.12,408,4171,407,118,396
349,0.32789,0.33099,0.11181,0.11119,9.14,418,4169,410,129,411
350,0.32848,0.33069,0.11176,0.11121,9.16,387,4166,402,143,397
351,0.32953,0.33232,0.11167,0.11108,9.18,398,4162,399,154,411
352,0.33005,0.3333,0.11163,0.111,9.2,421,4159,394,165,410
353,0.33014,0.33207,0.11162,0.1111,9.22,400,4155,382,183,374
354,0.33171,0.33516,0.11149,0.11084,9.24,413,4150,400,200,407
355,0.33254,0.33583,0.11142,0.11079,9.26,390,4146,413,224,401
356,0.33286,0.33542,0.1114,0.11082,9.28,376,4144,405,241,379
357,0.33336,0.3374,0.11135,0.11066,9.3,423,4141,402,246,401
358,0.33407,0.33651,0.11129,0.11073,9.32,395,4142,379,255,371
359,0.33555,0.3393,0.11117,0.1105,9.34,407,4141,395,261,408
360,0.33687,0.33998,0.11106,0.11044,9.36,384,4143,405,270,397
361,0.33788,0.34082,0.11098,0.11037,9.38,387,4144,410,274,390
362,0.33871,0.3423,0.11091,0.11025,9.4,407,4145,420,276,402
363,0.33961,0.34219,0.11083,0.11025,9.41,394,4147,410,284,379
364,0.341,0.34418,0.11071,0.11009,9.43,402,4147,413,295,396
365,0.34221,0.3453,0.11061,0.10999,9.45,398,4146,402,311,398
366,0.34328,0.34665,0.11052,0.10988,9.47,400,4144,393,333,404
367,0.3445,0.34773,0.11042,0.10979,9.49,388,4142,396,366,393
368,0.34526,0.34888,0.11036,0.10969,9.51,395,4140,401,391,393
369,0.34605,0.34951,0.11029,0.10964,9.53,394,4141,405,402,384
370,0.34725,0.35046,0.11019,0.10956,9.55,395,4145,398,389,392
371,0.34793,0.3515,0.11013,0.10947,9.57,401,4149,405,373,415
372,0.34862,0.35149,0.11007,0.10947,9.59,392,4152,404,366,404
373,0.34917,0.35257,0.11003,0.10938,9.6,406,4152,417,368,411
374,0.34972,0.35235,0.10998,0.1094,9.62,388,4153,410,384,393
375,0.35067,0.35411,0.1099,0.10925,9.64,403,4151,408,397,408
376,0.35092,0.35488,0.10988,0.10919,9.66,413,4150,405,411,416
377,0.35138,0.3543,0.10984,0.10923,9.68,395,4150,387,417,396
378,0.35229,0.35548,0.10976,0.10914,9.7,398,4151,396,413,403
379,0.35257,0.3566,0.10974,0.10904,9.72,426,4152,411,397,415
380,0.35345,0.35652,0.10966,0.10905,9.74,404,4153,411,394,396
381,0.35412,0.35757,0.10961,0.10896,9.76,403,4152,415,390,410
382,0.3548,0.35802,0.10955,0.10892,9.78,394,4152,411,394,406
383,0.35553,0.35919,0.10949,0.10882,9.8,411,4150,409,395,408
384,0.35626,0.35975,0.10942,0.10877,9.81,409,4149,398,401,401
385,0.3569,0.36045,0.10937,0.10871,9.83,394,4147,397,409,408
386,0.35729,0.36149,0.10934,0.10863,9.85,403,4145,405,404,421
387,0.35798,0.36086,0.10928,0.10868,9.87,388,4146,392,398,390
388,0.35875,0.36236,0.10921,0.10855,9.89,419,4145,394,387,395
389,0.35877,0.36341,0.10921,0.10846,9.91,428,4143,406,389,417
390,0.35923,0.36195,0.10917,0.10859,9.93,370,4142,399,402,380
391,0.36087,0.36456,0.10903,0.10836,9.95,385,4140,403,393,405
392,0.3601,0.36515,0.1091,0.10831,9.97,427,4139,408,380,425
393,0.36016,0.3624,0.10909,0.10855,9.99,381,4140,386,385,362
394,0.36225,0.36689,0.10892,0.10816,10.0,421,4135,402,386,407
395,0.36327,0.36753,0.10883,0.10811,10.02,399,4134,395,391,408
396,0.36267,0.36552,0.10888,0.10828,10.04,361,4133,388,400,380
397,0.36423,0.36891,0.10875,0.10799,10.06,401,4131,404,389,413
398,0.36506,0.36933,0.10867,0.10796,10.09,411,4131,405,382,391
399,0.36443,0.36723,0.10873,0.10814,10.11,392,4132,391,377,361
400,0.36483,0.37026,0.10869,0.10788,10.13,427,4128,412,373,420
401,0.36671,0.37035,0.10853,0.10787,10.15,371,4127,403,386,392
402,0.36681,0.37008,0.10852,0.10789,10.17,362,4125,393,390,386
403,0.36672,0.37242,0.10853,0.10769,10.19,420,4121,411,384,422
404,0.36814,0.37163,0.10841,0.10776,10.21,394,4122,394,389,366
405,0.36942,0.37354,0.1083,0.1076,10.23,395,4120,400,389,382
406,0.36889,0.37446,0.10835,0.10752,10.25,400,4117,407,385,429
407,0.36945,0.37281,0.1083,0.10766,10.27,354,4117,389,391,388
408,0.3709,0.37615,0.10817,0.10737,10.28,395,4113,408,388,415
409,0.37194,0.37649,0.10808,0.10734,10.3,400,4113,404,387,387
410,0.37167,0.3755,0.10811,0.10743,10.32,393,4111,400,392,364
411,0.37275,0.37823,0.10801,0.10719,10.34,411,4107,407,387,408
412,0.37373,0.37842,0.10793,0.10718,10.36,382,4105,395,391,403
413,0.37418,0.37862,0.10789,0.10716,10.38,374,4102,394,395,397
414,0.37484,0.38019,0.10783,0.10702,10.4,399,4098,398,392,410
415,0.37555,0.38023,0.10777,0.10702,10.42,400,4097,395,392,384
416,0.37607,0.38076,0.10773,0.10697,10.44,395,4094,403,394,381
417,0.37632,0.38198,0.10771,0.10687,10.46,396,4091,406,385,418
418,0.37713,0.38166,0.10764,0.1069,10.48,375,4089,394,387,397
419,0.37793,0.38275,0.10757,0.1068,10.5,397,4083,394,391,385
420,0.37787,0.38389,0.10757,0.1067,10.52,421,4076,396,393,409
421,0.37823,0.3825,0.10754,0.10682,10.54,380,4073,378,403,377
422,0.3796,0.38505,0.10742,0.1066,10.55,388,4066,396,404,402
423,0.38024,0.38581,0.10737,0.10654,10.57,394,4065,402,397,401
424,0.38075,0.3857,0.10732,0.10655,10.59,392,4067,392,382,391
425,0.3812,0.38648,0.10728,0.10648,10.61,398,4065,389,373,404
426,0.38158,0.38742,0.10725,0.1064,10.63,406,4058,392,377,413
427,0.38156,0.38618,0.10725,0.1065,10.65,369,4050,391,402,379
428,0.38154,0.38854,0.10726,0.1063,10.67,407,4040,414,400,425
429,0.3834,0.38863,0.10709,0.10629,10.69,386,4042,395,395,385
430,0.38399,0.38929,0.10704,0.10623,10.71,393,4041,384,384,392
431,0.38408,0.39023,0.10703,0.10615,10.72,416,4037,384,377,408
432,0.38489,0.3901,0.10696,0.10616,10.74,393,4033,380,387,386
433,0.38547,0.3915,0.10691,0.10604,10.76,382,4022,395,404,403
434,0.38579,0.39223,0.10689,0.10598,10.78,386,4015,406,410,404
435,0.38667,0.3928,0.10681,0.10593,10.8,399,4018,400,395,392
436,0.38702,0.39254,0.10678,0.10595,10.82,395,4022,386,379,386
437,0.38749,0.39312,0.10674,0.1059,10.84,391,4021,382,374,395
438,0.38736,0.39434,0.10675,0.10579,10.86,397,4011,399,382,425
439,0.38812,0.39366,0.10668,0.10585,10.88,370,4006,393,400,381
440,0.38892,0.3959,0.10661,0.10566,10.9,401,3998,404,401,403
441,0.38959,0.39588,0.10655,0.10566,10.91,403,4000,393,395,381
442,0.39019,0.3962,0.1065,0.10563,10.93,386,4000,389,392,386
443,0.38991,0.39716,0.10653,0.10555,10.95,399,3999,395,381,423
444,0.39078,0.39647,0.10645,0.10561,10.97,374,4001,384,384,384
445,0.3917,0.39804,0.10637,0.10547,10.99,396,3996,392,386,383
446,0.39068,0.39854,0.10646,0.10543,11.01,432,3991,399,380,411
447,0.3909,0.39605,0.10644,0.10564,11.03,368,3994,376,391,364
448,0.39255,0.40018,0.1063,0.10528,11.05,394,3982,400,399,415
449,0.39329,0.40085,0.10623,0.10522,11.07,395,3982,403,397,407
450,0.39249,0.39794,0.1063,0.10548,11.09,374,3991,380,390,359
451,0.39349,0.40125,0.10621,0.10519,11.11,426,3990,387,370,409
452,0.3952,0.40191,0.10606,0.10513,11.13,389,3988,388,384,386
453,0.3951,0.40147,0.10607,0.10517,11.15,371,3985,390,394,376
454,0.39418,0.4027,0.10615,0.10506,11.17,413,3981,400,384,429
455,0.39559,0.40162,0.10603,0.10516,11.19,367,3988,379,388,372
456,0.39715,0.40414,0.10589,0.10493,11.21,391,3987,385,382,388
457,0.3968,0.40499,0.10592,0.10486,11.23,414,3984,402,382,406
458,0.39641,0.40248,0.10596,0.10508,11.25,361,3989,387,392,363
459,0.39785,0.40608,0.10583,0.10476,11.27,397,3986,405,384,413
460,0.39903,0.40634,0.10573,0.10474,11.28,381,3991,390,381,395
461,0.39952,0.40668,0.10568,0.10471,11.31,387,3991,382,382,388
462,0.39996,0.40773,0.10565,0.10462,11.33,396,3987,384,386,399
463,0.40044,0.40774,0.1056,0.10462,11.35,386,3989,380,389,386
464,0.4009,0.40854,0.10556,0.10455,11.37,399,3988,382,391,384
465,0.40136,0.40909,0.10552,0.1045,11.39,400,3989,384,390,384
466,0.40189,0.4094,0.10548,0.10447,11.41,382,3993,385,388,388
467,0.402,0.41036,0.10547,0.10439,11.43,393,3995,399,382,407
468,0.40252,0.40975,0.10542,0.10444,11.45,377,4001,390,379,380
469,0.40317,0.41069,0.10536,0.10436,11.46,390,4001,387,378,381
470,0.40288,0.41183,0.10539,0.10425,11.48,409,3990,400,392,407
471,0.40327,0.41065,0.10535,0.10436,11.5,363,3991,386,406,373
472,0.40462,0.41271,0.10523,0.10418,11.52,382,3993,380,391,398
473,0.40414,0.41291,0.10528,0.10416,11.54,407,3997,375,375,417
474,0.40409,0.411,0.10528,0.10433,11.56,374,3999,373,390,360
475,0.40567,0.41449,0.10514,0.10402,11.58,402,3991,402,397,392
476,0.40634,0.415,0.10508,0.10397,11.6,388,3995,398,390,400
477,0.40592,0.4132,0.10512,0.10413,11.62,360,4005,380,381,378
478,0.40687,0.41583,0.10504,0.1039,11.64,399,3997,388,380,412
479,0.40786,0.41625,0.10495,0.10386,11.66,394,3994,386,391,383
480,0.40796,0.41605,0.10494,0.10388,11.68,379,3992,385,401,373
481,0.40825,0.41751,0.10491,0.10375,11.7,397,3989,396,395,405
482,0.40845,0.41611,0.1049,0.10388,11.71,366,3998,377,388,375
483,0.40819,0.41763,0.10492,0.10374,11.73,412,3999,382,369,420
484,0.40961,0.41748,0.10479,0.10375,11.75,384,4000,373,378,375
485,0.41037,0.41951,0.10473,0.10357,11.77,398,3987,389,396,393
486,0.41064,0.41999,0.1047,0.10353,11.79,396,3984,391,399,400
487,0.41083,0.41881,0.10468,0.10363,11.81,374,3993,373,388,374
488,0.41174,0.42058,0.1046,0.10348,11.83,395,3995,378,376,396
489,0.41198,0.42135,0.10458,0.10341,11.85,402,3990,391,382,400
490,0.41115,0.41909,0.10466,0.10361,11.87,360,3991,390,397,361
491,0.41223,0.42214,0.10456,0.10334,11.89,394,3984,408,394,407
492,0.41352,0.42273,0.10444,0.10328,11.9,394,3992,389,380,395
493,0.41289,0.4208,0.1045,0.10346,11.92,383,3999,367,371,367
494,0.41323,0.4233,0.10447,0.10323,11.94,420,3983,383,384,407
495,0.41447,0.42348,0.10436,0.10322,11.96,375,3978,380,407,379
496,0.41468,0.42349,0.10434,0.10322,11.98,366,3981,380,404,378
497,0.41372,0.42414,0.10443,0.10316,12.0,419,3987,384,375,421
498,0.41418,0.42194,0.10439,0.10336,12.02,372,3998,365,375,359
499,0.41622,0.42614,0.1042,0.10298,12.04,396,3983,399,395,392
500,0.41614,0.4264,0.10421,0.10296,12.06,395,3977,406,405,396
501,0.41495,0.42286,0.10432,0.10327,12.08,354,3992,371,392,357
502,0.41574,0.42633,0.10425,0.10296,12.1,413,3990,385,370,425
503,0.41808,0.42715,0.10404,0.10289,12.11,382,3994,376,376,384
504,0.41835,0.42748,0.10401,0.10286,12.13,374,3988,384,390,375
505,0.41752,0.42831,0.10409,0.10278,12.15,399,3980,400,392,417
506,0.41869,0.42759,0.10398,0.10285,12.17,366,3989,382,391,369
507,0.41979,0.42938,0.10389,0.10269,12.19,394,3991,382,377,383
508,0.41859,0.42934,0.10399,0.10269,12.21,419,3988,384,372,413
509,0.41773,0.42585,0.10407,0.10301,12.23,355,3990,366,392,351
510,0.42071,0.43113,0.1038,0.10253,12.25,395,3979,392,398,392
511,0.42092,0.43153,0.10378,0.10249,12.27,396,3981,394,392,401
512,0.41994,0.42841,0.10387,0.10278,12.29,354,3995,367,380,366
513,0.42094,0.43158,0.10378,0.10249,12.31,401,3992,379,366,419
514,0.42263,0.43263,0.10363,0.1024,12.33,394,3989,379,379,388
515,0.42145,0.43066,0.10374,0.10257,12.34,373,3984,378,401,351
516,0.42248,0.43345,0.10364,0.10232,12.36,403,3974,400,407,386
517,0.42383,0.43413,0.10352,0.10226,12.38,385,3985,386,389,390
518,0.42321,0.43246,0.10358,0.10241,12.4,363,3999,363,367,388
519,0.42408,0.43442,0.1035,0.10223,12.42,389,3996,372,366,407
520,0.42483,0.4354,0.10343,0.10214,12.44,399,3985,386,389,384
521,0.42455,0.43446,0.10346,0.10223,12.46,376,3982,384,404,361
522,0.4254,0.43636,0.10338,0.10206,12.48,395,3983,386,391,398
523,0.42576,0.43567,0.10335,0.10212,12.5,370,3995,366,374,393
524,0.42613,0.43619,0.10332,0.10207,12.51,374,3997,367,370,398
525,0.42675,0.43761,0.10326,0.10194,12.53,391,3988,383,384,397
526,0.427,0.43742,0.10324,0.10196,12.55,382,3986,388,397,371
527,0.42756,0.43841,0.10319,0.10187,12.57,397,3989,384,385,387
528,0.42776,0.43775,0.10317,0.10193,12.59,372,3994,368,379,383
529,0.4283,0.43908,0.10312,0.10181,12.61,387,3990,372,380,398
530,0.42861,0.43969,0.10309,0.10176,12.63,397,3986,378,386,394
531,0.42869,0.43877,0.10309,0.10184,12.65,373,3990,375,389,368
532,0.42934,0.44053,0.10303,0.10168,12.67,387,3987,393,389,393
533,0.42978,0.44082,0.10299,0.10165,12.68,380,3991,389,383,396
534,0.42917,0.43897,0.10304,0.10182,12.7,362,3996,376,383,365
535,0.42956,0.44139,0.10301,0.1016,12.72,407,3985,385,384,408
536,0.43094,0.44172,0.10288,0.10157,12.74,383,3986,376,392,377
537,0.43034,0.44039,0.10294,0.10169,12.76,365,3989,369,392,364
538,0.42969,0.44194,0.103,0.10155,12.78,413,3984,384,380,419
539,0.43152,0.44178,0.10283,0.10157,12.8,370,3992,369,382,371
540,0.43234,0.44303,0.10276,0.10145,12.82,373,3991,375,381,382
541,0.43107,0.44337,0.10287,0.10142,12.84,399,3982,392,386,420
542,0.43206,0.44222,0.10278,0.10153,12.86,363,3991,373,387,362
543,0.43353,0.44464,0.10265,0.10131,12.87,387,3987,377,385,379
544,0.43195,0.44435,0.10279,0.10133,12.89,417,3982,380,379,414
545,0.43114,0.44072,0.10286,0.10166,12.91,347,3989,358,391,353
546,0.43376,0.4459,0.10263,0.10119,12.93,386,3975,384,397,408
547,0.43434,0.44645,0.10258,0.10114,12.95,398,3978,388,392,398
548,0.43388,0.4441,0.10262,0.10136,12.97,373,3993,372,377,354
549,0.43534,0.44702,0.10248,0.10109,12.99,397,3990,383,370,394
550,0.43592,0.44748,0.10243,0.10105,13.01,374,3985,388,384,391
551,0.43597,0.44703,0.10243,0.10109,13.03,360,3985,379,388,379
552,0.43669,0.4483,0.10236,0.10097,13.04,387,3985,373,379,391
553,0.43692,0.44858,0.10234,0.10095,13.06,395,3984,368,377,389
554,0.43708,0.44817,0.10233,0.10098,13.08,369,3983,366,387,376
555,0.43744,0.44953,0.10229,0.10086,13.1,382,3979,381,388,400
556,0.43808,0.44988,0.10224,0.10083,13.12,384,3985,385,382,385
557,0.43789,0.44896,0.10225,0.10091,13.14,374,3992,385,376,366
558,0.43811,0.45043,0.10223,0.10078,13.16,389,3986,390,376,405
559,0.43863,0.44986,0.10219,0.10083,13.18,359,3985,373,387,377
560,0.43932,0.45104,0.10212,0.10072,13.2,377,3979,369,395,379
561,0.43909,0.45155,0.10214,0.10067,13.22,407,3979,369,385,393
562,0.43978,0.45116,0.10208,0.10071,13.24,377,3986,362,383,372
563,0.44029,0.45231,0.10203,0.1006,13.25,370,3984,375,386,395
564,0.4402,0.45267,0.10204,0.10057,13.27,373,3984,390,385,404
565,0.44052,0.45185,0.10201,0.10065,13.29,366,3991,383,382,366
566,0.44048,0.45316,0.10202,0.10053,13.31,411,3987,390,375,389
567,0.44174,0.45359,0.1019,0.10049,13.33,379,3987,374,383,377
568,0.44181,0.45356,0.1019,0.10049,13.35,368,3983,364,390,379
569,0.44177,0.45448,0.1019,0.1004,13.37,390,3980,365,385,406
570,0.44246,0.45432,0.10184,0.10042,13.39,381,3984,369,389,368
571,0.44278,0.45505,0.10181,0.10035,13.41,396,3986,381,383,371
572,0.44267,0.45556,0.10182,0.1003,13.43,397,3987,387,376,401
573,0.44235,0.45376,0.10185,0.10047,13.45,341,3992,378,383,374
574,0.44329,0.45563,0.10176,0.1003,13.46,350,3984,385,392,394
575,0.44383,0.45683,0.10171,0.10019,13.48,393,3984,388,384,395
576,0.44332,0.45503,0.10176,0.10035,13.5,399,3995,365,371,354
577,0.44475,0.45726,0.10163,0.10015,13.52,395,3985,370,384,375
578,0.44439,0.45759,0.10166,0.10012,13.54,379,3979,374,392,409
579,0.44415,0.45575,0.10168,0.10029,13.56,345,3988,362,389,370
580,0.44586,0.45859,0.10152,0.10003,13.58,377,3986,377,383,391
581,0.44586,0.45884,0.10153,0.1,13.6,399,3987,382,377,385
582,0.44576,0.45762,0.10153,0.10012,13.62,370,3992,370,378,361
583,0.44661,0.45964,0.10146,0.09993,13.64,378,3983,376,386,396
584,0.44708,0.45995,0.10141,0.0999,13.66,376,3981,373,390,386
585,0.44716,0.45947,0.10141,0.09994,13.68,379,3987,365,382,368
586,0.4471,0.46038,0.10141,0.09986,13.7,406,3987,377,374,389
587,0.44793,0.46038,0.10134,0.09986,13.72,368,3990,373,377,379
588,0.44804,0.46082,0.10133,0.09982,13.74,360,3988,375,379,394
589,0.44864,0.46149,0.10127,0.09976,13.76,370,3986,377,382,384
590,0.44883,0.46177,0.10125,0.09973,13.78,391,3986,374,379,374
591,0.44901,0.46191,0.10124,0.09972,13.8,396,3987,367,376,373
592,0.44955,0.46261,0.10119,0.09965,13.82,384,3984,366,380,384
593,0.4498,0.46281,0.10116,0.09963,13.84,369,3982,371,386,383
594,0.45006,0.46332,0.10114,0.09959,13.86,373,3984,379,380,392
595,0.45037,0.46323,0.10111,0.0996,13.88,374,3990,378,373,377
596,0.45061,0.4636,0.10109,0.09956,13.9,381,3988,382,375,373
597,0.45099,0.46443,0.10105,0.09948,13.91,383,3981,379,385,383
598,0.45124,0.46451,0.10103,0.09948,13.93,372,3978,364,389,385
599,0.45135,0.46469,0.10102,0.09946,13.95,378,3981,353,380,394
600,0.45156,0.46441,0.101,0.09949,13.97,378,3985,352,378,372
601,0.45137,0.46544,0.10102,0.09939,13.99,406,3979,376,381,392
602,0.45184,0.46486,0.10098,0.09944,14.01,364,3983,384,391,362
603,0.45255,0.46575,0.10091,0.09936,14.03,361,3989,383,377,383
604,0.45189,0.46592,0.10097,0.09935,14.05,384,3991,382,363,413
605,0.45246,0.46505,0.10092,0.09943,14.07,369,3993,364,371,360
606,0.45321,0.4671,0.10085,0.09924,14.08,393,3974,371,398,372
607,0.45314,0.46747,0.10086,0.0992,14.1,386,3968,372,405,391
608,0.45352,0.46646,0.10082,0.0993,14.12,355,3987,355,380,375
609,0.4534,0.46729,0.10083,0.09922,14.14,382,3994,363,356,412
610,0.45456,0.46792,0.10072,0.09916,14.16,385,3993,374,367,372
611,0.45464,0.46832,0.10072,0.09912,14.18,377,3981,386,391,363
612,0.45519,0.4693,0.10067,0.09903,14.2,376,3977,378,392,386
613,0.45534,0.46933,0.10065,0.09903,14.22,380,3986,362,372,399
614,0.45454,0.46722,0.10073,0.09922,14.24,361,3993,349,370,362
615,0.45512,0.46988,0.10067,0.09898,14.26,403,3977,375,384,398
616,0.45629,0.47025,0.10056,0.09894,14.28,369,3978,378,394,374
617,0.45607,0.46925,0.10058,0.09904,14.29,355,3990,372,377,366
618,0.45562,0.47025,0.10063,0.09894,14.31,392,3991,381,360,411
619,0.45677,0.47007,0.10052,0.09896,14.33,365,3992,373,371,364
620,0.45738,0.47155,0.10046,0.09882,14.35,379,3978,378,393,369
621,0.45703,0.47192,0.1005,0.09879,14.37,398,3973,371,392,392
622,0.45754,0.47092,0.10045,0.09888,14.39,365,3987,351,377,368
623,0.45817,0.47223,0.10039,0.09876,14.41,379,3990,355,366,393
624,0.45857,0.47306,0.10035,0.09868,14.43,389,3983,372,378,386
625,0.45839,0.47243,0.10037,0.09874,14.45,367,3981,383,394,360
626,0.45919,0.47342,0.1003,0.09865,14.47,370,3984,381,383,376
627,0.45865,0.47344,0.10035,0.09864,14.48,382,3988,374,367,408
628,0.45869,0.47193,0.10034,0.09878,14.5,359,3994,357,369,362
629,0.45981,0.47462,0.10024,0.09853,14.52,391,3979,370,385,385
630,0.45999,0.47482,0.10022,0.09851,14.54,385,3973,370,397,378
631,0.46047,0.47454,0.10018,0.09854,14.56,370,3984,357,381,372
632,0.46057,0.47508,0.10017,0.09849,14.58,376,3988,358,368,397
633,0.46111,0.47562,0.10012,0.09844,14.6,381,3988,366,371,388
634,0.46096,0.47516,0.10013,0.09848,14.61,365,3982,374,389,361
635,0.46136,0.47641,0.10009,0.09837,14.63,386,3978,380,389,383
636,0.4619,0.47655,0.10005,0.09835,14.65,383,3987,365,372,387
637,0.46203,0.47616,0.10003,0.09839,14.67,368,3992,357,369,379
638,0.46254,0.47719,0.09998,0.09829,14.69,372,3984,365,382,382
639,0.4624,0.4776,0.1,0.09825,14.71,387,3979,377,388,387
640,0.46221,0.47613,0.10002,0.09839,14.73,358,3990,366,380,358
641,0.46299,0.47795,0.09994,0.09822,14.75,381,3990,371,368,395
642,0.46315,0.47828,0.09993,0.09819,14.77,385,3988,375,371,396
643,0.46229,0.4762,0.10001,0.09838,14.78,352,3987,366,388,349
644,0.46387,0.4791,0.09986,0.09811,14.8,377,3980,374,388,389
645,0.46412,0.47926,0.09984,0.0981,14.82,384,3986,364,374,394
646,0.46388,0.47793,0.09986,0.09822,14.84,368,3994,350,367,364
647,0.46471,0.47993,0.09978,0.09803,14.86,387,3982,364,379,388
648,0.465,0.48024,0.09976,0.09801,14.88,373,3978,369,389,387
649,0.4651,0.4796,0.09975,0.09806,14.9,355,3987,363,379,373
650,0.46564,0.48065,0.0997,0.09797,14.92,377,3988,368,371,387
651,0.46594,0.48106,0.09967,0.09793,14.94,381,3985,371,376,382
652,0.46594,0.48079,0.09967,0.09795,14.96,372,3981,369,387,362
653,0.46639,0.4817,0.09963,0.09787,14.98,381,3978,368,387,380
654,0.46677,0.48186,0.09959,0.09785,15.0,377,3984,358,377,381
655,0.4668,0.48164,0.09959,0.09787,15.02,365,3989,353,369,384
656,0.46732,0.48243,0.09954,0.0978,15.04,374,3985,364,377,380
657,0.46744,0.4826,0.09953,0.09778,15.06,377,3982,373,384,369
658,0.46782,0.4829,0.09949,0.09775,15.08,373,3986,371,378,374
659,0.46806,0.48327,0.09947,0.09772,15.1,369,3986,372,376,384
660,0.46829,0.48326,0.09945,0.09772,15.11,364,3988,367,376,375
661,0.46852,0.48395,0.09943,0.09765,15.13,379,3984,365,376,387
662,0.46889,0.4842,0.09939,0.09763,15.16,376,3983,364,380,379
663,0.46914,0.48437,0.09937,0.09761,15.17,378,3986,361,375,377
664,0.46936,0.48447,0.09935,0.09761,15.19,369,3985,361,379,373
665,0.46961,0.48512,0.09933,0.09754,15.21,374,3981,366,382,384
666,0.46985,0.48496,0.0993,0.09756,15.23,368,3985,363,377,372
667,0.47006,0.48551,0.09928,0.09751,15.25,378,3986,364,371,388
668,0.47044,0.4857,0.09925,0.09749,15.27,368,3984,364,378,377
669,0.47054,0.48589,0.09924,0.09747,15.29,366,3979,365,388,370
670,0.47079,0.48648,0.09921,0.09741,15.31,383,3981,364,378,386
671,0.47097,0.48599,0.0992,0.09746,15.33,365,3988,358,373,369
672,0.47145,0.48697,0.09915,0.09737,15.35,374,3985,364,375,384
673,0.47165,0.48727,0.09913,0.09734,15.37,370,3980,369,386,378
674,0.47186,0.48707,0.09911,0.09736,15.39,367,3986,362,378,368
675,0.47217,0.4878,0.09909,0.09729,15.41,379,3985,362,373,385
676,0.47249,0.48786,0.09906,0.09728,15.43,372,3986,359,375,374
677,0.47265,0.48819,0.09904,0.09725,15.45,369,3980,362,386,371
678,0.47286,0.48868,0.09902,0.09721,15.46,377,3982,363,377,388
679,0.47296,0.48808,0.09901,0.09726,15.48,361,3990,356,369,372
680,0.47337,0.48914,0.09897,0.09716,15.5,374,3985,365,373,389
681,0.47369,0.48935,0.09894,0.09714,15.52,370,3982,373,383,373
682,0.47378,0.48917,0.09893,0.09716,15.54,366,3984,368,382,363
683,0.47382,0.4898,0.09893,0.0971,15.56,391,3985,363,369,388
684,0.47423,0.4895,0.09889,0.09713,15.58,361,3989,349,370,374
685,0.47467,0.49033,0.09885,0.09705,15.6,360,3981,355,383,379
686,0.47441,0.49088,0.09888,0.097,15.62,378,3974,365,388,393
687,0.47493,0.49027,0.09883,0.09705,15.63,371,3987,361,375,360
688,0.47537,0.491,0.09878,0.09699,15.65,381,3986,367,372,368
689,0.47543,0.49167,0.09878,0.09692,15.67,381,3982,369,375,390
690,0.47546,0.49083,0.09878,0.097,15.69,349,3983,357,383,365
691,0.47578,0.49213,0.09875,0.09688,15.71,370,3977,360,382,397
692,0.47628,0.49175,0.0987,0.09691,15.73,371,3985,350,374,364
693,0.47635,0.49225,0.09869,0.09687,15.75,395,3985,356,370,370
694,0.477,0.49287,0.09863,0.09681,15.77,364,3980,362,383,375
695,0.4769,0.49284,0.09864,0.09681,15.79,348,3979,366,386,385
696,0.47729,0.49289,0.0986,0.0968,15.81,352,3988,364,372,379
697,0.47769,0.49366,0.09857,0.09673,15.83,372,3986,368,370,383
698,0.47791,0.49385,0.09854,0.09671,15.84,381,3983,365,376,368
699,0.47816,0.49406,0.09852,0.09669,15.86,375,3981,360,381,365
700,0.47836,0.49472,0.0985,0.09663,15.88,376,3978,356,380,386
701,0.47852,0.49411,0.09849,0.09669,15.9,362,3985,348,374,368
702,0.479,0.49504,0.09844,0.0966,15.92,376,3984,354,371,381
703,0.47916,0.49559,0.09843,0.09655,15.94,378,3979,362,380,382
704,0.47891,0.49448,0.09845,0.09665,15.96,354,3983,359,383,357
705,0.47961,0.49598,0.09838,0.09651,15.98,374,3983,365,372,388
706,0.47983,0.49612,0.09836,0.0965,16.0,371,3986,363,369,389
707,0.4797,0.49522,0.09838,0.09658,16.02,360,3988,356,374,357
708,0.48024,0.49695,0.09832,0.09642,16.04,383,3978,363,383,381
709,0.4808,0.49692,0.09827,0.09642,16.06,367,3981,355,380,376
710,0.48077,0.49648,0.09827,0.09646,16.08,359,3988,348,369,373
711,0.48107,0.49754,0.09825,0.09636,16.1,378,3984,355,370,388
712,0.48147,0.49758,0.09821,0.09636,16.12,367,3980,359,383,368
713,0.48162,0.49777,0.09819,0.09634,16.14,364,3979,362,386,366
714,0.4815,0.49817,0.09821,0.0963,16.16,377,3986,360,365,395
715,0.4814,0.49683,0.09821,0.09643,16.18,351,3991,351,366,362
716,0.48222,0.49905,0.09814,0.09622,16.2,366,3973,362,389,383
717,0.48239,0.49938,0.09812,0.09618,16.22,380,3972,359,389,380
718,0.48142,0.49675,0.09821,0.09644,16.24,358,3990,340,367,348
719,0.48243,0.49954,0.09812,0.09617,16.26,391,3981,358,368,393
720,0.48336,0.4996,0.09803,0.09616,16.28,355,3979,362,383,371
721,0.48342,0.49963,0.09802,0.09616,16.3,346,3979,365,384,373
722,0.48361,0.50044,0.09801,0.09608,16.33,376,3984,366,367,390
723,0.48378,0.4997,0.09799,0.09615,16.34,379,3991,356,360,362
724,0.4844,0.50082,0.09793,0.09605,16.36,379,3981,357,376,366
725,0.48435,0.50151,0.09794,0.09598,16.38,372,3971,356,388,385
726,0.48481,0.50106,0.09789,0.09602,16.41,356,3978,346,380,374
727,0.48512,0.50121,0.09786,0.09601,16.44,366,3985,349,366,373
728,0.48474,0.50205,0.0979,0.09593,16.46,394,3979,365,370,382
729,0.4849,0.50096,0.09788,0.09603,16.48,356,3979,368,384,349
730,0.48585,0.50261,0.09779,0.09587,16.5,360,3979,368,376,380
731,0.48586,0.50263,0.09779,0.09587,16.52,364,3984,357,365,392
732,0.48578,0.50172,0.0978,0.09596,16.54,356,3984,346,374,356
733,0.48583,0.50359,0.09779,0.09578,16.56,393,3970,357,385,381
734,0.48676,0.5033,0.09771,0.09581,16.58,364,3976,349,385,365
735,0.48703,0.50333,0.09768,0.0958,16.6,354,3983,347,372,376
736,0.48668,0.50399,0.09771,0.09574,16.62,369,3983,355,365,400
737,0.48704,0.50316,0.09768,0.09582,16.64,357,3983,356,378,352
738,0.48737,0.50493,0.09765,0.09565,16.66,383,3974,370,388,368
739,0.48816,0.5052,0.09757,0.09562,16.68,368,3980,361,377,376
740,0.48784,0.50399,0.0976,0.09574,16.7,348,3990,345,364,374
741,0.48839,0.5056,0.09755,0.09558,16.71,365,3983,353,371,390
742,0.48856,0.50573,0.09753,0.09557,16.73,375,3976,360,388,360
743,0.48869,0.50531,0.09752,0.09561,16.75,375,3983,356,379,352
744,0.48918,0.50658,0.09748,0.09549,16.77,379,3984,357,370,382
745,0.48954,0.50624,0.09744,0.09552,16.79,357,3987,351,370,377
746,0.48964,0.50621,0.09743,0.09553,16.81,353,3984,348,377,368
747,0.48969,0.50758,0.09743,0.09539,16.83,381,3977,356,379,385
748,0.48989,0.5063,0.09741,0.09552,16.85,367,3985,351,373,353
749,0.49057,0.50758,0.09734,0.09539,16.87,372,3984,352,369,372
750,0.49038,0.50825,0.09736,0.09533,16.88,372,3978,357,374,392
751,0.49006,0.50636,0.09739,0.09551,16.9,346,3982,349,378,352
752,0.49095,0.5089,0.09731,0.09526,16.92,378,3972,363,386,373
753,0.49113,0.50888,0.09729,0.09527,16.94,388,3981,356,367,379
754,0.49064,0.50679,0.09734,0.09547,16.96,354,3991,343,361,355
755,0.49124,0.50955,0.09728,0.0952,16.98,369,3973,359,380,396
756,0.49205,0.5093,0.0972,0.09523,17.0,355,3975,355,385,365
757,0.49249,0.50973,0.09716,0.09518,17.02,364,3979,353,375,369
758,0.49255,0.51037,0.09715,0.09512,17.04,378,3979,355,369,381
759,0.49282,0.50971,0.09713,0.09519,17.06,357,3982,350,370,367
760,0.49319,0.51081,0.09709,0.09508,17.07,361,3976,357,378,376
761,0.49335,0.51126,0.09708,0.09504,17.09,366,3973,359,381,377
762,0.49351,0.51072,0.09706,0.09509,17.12,370,3979,351,373,360
763,0.4938,0.51119,0.09703,0.09504,17.13,376,3981,344,367,371
764,0.49381,0.51183,0.09703,0.09498,17.15,375,3976,342,371,388
765,0.4942,0.51157,0.097,0.09501,17.17,355,3974,344,382,368
766,0.4946,0.51219,0.09696,0.09495,17.19,361,3975,350,379,371
767,0.49462,0.51276,0.09695,0.09489,17.21,376,3978,359,369,382
768,0.49466,0.51166,0.09695,0.095,17.23,363,3985,357,366,357
769,0.49521,0.5133,0.0969,0.09484,17.25,366,3975,365,380,372
770,0.49537,0.51362,0.09688,0.09481,17.27,366,3976,359,376,383
771,0.49545,0.51251,0.09688,0.09491,17.29,359,3983,345,368,361
772,0.49583,0.51398,0.09684,0.09477,17.31,378,3978,347,370,378
773,0.49616,0.51432,0.09681,0.09474,17.32,372,3974,348,379,374
774,0.49618,0.51371,0.09681,0.0948,17.34,358,3975,349,382,358
775,0.4966,0.51489,0.09676,0.09468,17.36,371,3976,357,373,379
776,0.49673,0.51479,0.09675,0.09469,17.38,369,3982,356,362,382
777,0.49689,0.51425,0.09674,0.09474,17.4,353,3982,354,368,365
778,0.49667,0.51572,0.09676,0.0946,17.42,370,3970,362,380,391
779,0.49706,0.51438,0.09672,0.09473,17.44,355,3978,348,377,353
780,0.49773,0.51587,0.09666,0.09459,17.46,377,3979,347,368,372
781,0.49784,0.51623,0.09665,0.09455,17.47,372,3978,345,368,384
782,0.4981,0.51582,0.09662,0.09459,17.49,355,3977,347,377,364
783,0.49848,0.51679,0.09658,0.0945,17.51,364,3975,354,377,372
784,0.49862,0.51706,0.09657,0.09447,17.53,370,3978,355,368,378
785,0.49882,0.51659,0.09655,0.09452,17.55,359,3981,352,366,368
786,0.4991,0.5176,0.09652,0.09442,17.57,362,3972,359,379,373
787,0.49935,0.5178,0.0965,0.0944,17.59,366,3973,355,377,370
788,0.49946,0.51763,0.09649,0.09441,17.61,375,3980,347,364,370
789,0.49968,0.51761,0.09647,0.09442,17.63,365,3979,342,366,369
790,0.49979,0.51866,0.09646,0.09431,17.65,367,3966,347,383,379
791,0.49989,0.5181,0.09645,0.09437,17.67,355,3967,346,387,360
792,0.50045,0.51895,0.09639,0.09428,17.69,368,3972,352,373,370
793,0.50042,0.51902,0.0964,0.09428,17.71,372,3978,358,360,380
794,0.50051,0.51838,0.09639,0.09434,17.72,360,3980,358,362,360
795,0.50089,0.51987,0.09635,0.09419,17.74,364,3967,364,381,371
796,0.50103,0.52009,0.09634,0.09417,17.76,358,3964,356,383,380
797,0.50089,0.51853,0.09635,0.09433,17.78,350,3975,339,369,358
798,0.5011,0.52026,0.09633,0.09416,17.8,386,3970,342,364,383
799,0.50168,0.51989,0.09628,0.09419,17.82,366,3968,340,374,358
800,0.50202,0.52095,0.09624,0.09409,17.84,369,3962,353,382,366
801,0.50218,0.52131,0.09623,0.09405,17.86,362,3964,358,375,380
802,0.502,0.51989,0.09624,0.09419,17.88,346,3973,352,365,362
803,0.50236,0.52189,0.09621,0.094,17.9,371,3962,361,374,383
804,0.50288,0.52163,0.09616,0.09402,17.91,368,3965,352,375,363
805,0.50287,0.52114,0.09616,0.09407,17.93,361,3967,340,373,357
806,0.50306,0.52248,0.09614,0.09394,17.95,369,3961,346,377,383
807,0.50352,0.52237,0.0961,0.09395,17.97,363,3966,345,370,374
808,0.50344,0.52167,0.09611,0.09402,17.99,358,3968,350,367,357
809,0.50361,0.52327,0.09609,0.09386,18.01,367,3958,368,377,376
810,0.50408,0.52303,0.09604,0.09388,18.03,360,3965,360,367,372
811,0.50411,0.52259,0.09604,0.09393,18.05,353,3969,348,361,371
812,0.50425,0.52381,0.09603,0.09381,18.07,365,3958,351,373,386
813,0.50468,0.52365,0.09599,0.09382,18.09,366,3956,342,377,364
814,0.50464,0.5234,0.09599,0.09385,18.11,372,3955,335,375,356
815,0.50487,0.52449,0.09597,0.09374,18.13,376,3947,336,379,376
816,0.50522,0.52442,0.09593,0.09375,18.14,360,3949,336,374,379
817,0.50505,0.52332,0.09595,0.09386,18.16,347,3954,337,367,364
818,0.50531,0.52532,0.09592,0.09366,18.18,364,3941,360,380,377
819,0.50568,0.52458,0.09589,0.09373,18.2,367,3959,356,360,363
820,0.50583,0.5247,0.09587,0.09372,18.22,366,3964,355,356,365
821,0.50574,0.52593,0.09588,0.0936,18.24,371,3952,361,374,382
822,0.50613,0.52496,0.09585,0.09369,18.26,354,3953,348,379,353
823,0.50638,0.52554,0.09582,0.09364,18.28,354,3947,345,385,358
824,0.50649,0.52653,0.09581,0.09354,18.3,364,3943,345,379,383
825,0.50664,0.52532,0.0958,0.09366,18.32,361,3957,333,356,369
826,0.50713,0.52669,0.09575,0.09352,18.33,373,3944,346,367,370
827,0.50711,0.52704,0.09575,0.09349,18.35,369,3938,356,376,367
828,0.50732,0.52609,0.09573,0.09358,18.37,351,3951,349,365,361
829,0.50743,0.52759,0.09572,0.09343,18.39,354,3944,358,378,383
830,0.50788,0.52723,0.09568,0.09347,18.41,354,3951,351,377,364
831,0.50791,0.52706,0.09567,0.09349,18.43,363,3957,345,370,358
832,0.50798,0.52825,0.09567,0.09337,18.45,377,3952,354,375,373
833,0.50846,0.5279,0.09562,0.0934,18.47,361,3953,349,371,365
834,0.50863,0.52825,0.0956,0.09337,18.49,352,3945,351,378,368
835,0.50871,0.52832,0.09559,0.09336,18.51,346,3941,347,378,372
836,0.50902,0.52878,0.09556,0.09332,18.52,359,3942,343,372,375
837,0.50911,0.52883,0.09555,0.09331,18.54,374,3946,341,365,370
838,0.50931,0.52912,0.09554,0.09328,18.56,373,3943,343,372,363
839,0.50952,0.52938,0.09552,0.09326,18.58,359,3939,346,380,365
840,0.50963,0.52933,0.0955,0.09326,18.6,350,3947,348,369,377
841,0.50986,0.52949,0.09548,0.09325,18.62,354,3949,351,367,370
842,0.51005,0.52998,0.09546,0.0932,18.64,366,3944,353,373,361
843,0.51007,0.53049,0.09546,0.09315,18.66,377,3939,352,373,365
844,0.51035,0.52993,0.09543,0.0932,18.68,361,3945,341,362,370
845,0.51055,0.53059,0.09541,0.09314,18.7,352,3935,343,371,376
846,0.51048,0.53091,0.09542,0.09311,18.72,352,3925,349,384,367
847,0.51053,0.52957,0.09542,0.09324,18.74,351,3945,341,362,358
848,0.51075,0.5316,0.0954,0.09304,18.75,370,3938,352,369,383
849,0.51129,0.53139,0.09534,0.09306,18.77,366,3940,349,370,364
850,0.51124,0.53087,0.09535,0.09311,18.79,359,3939,347,373,351
851,0.51159,0.53192,0.09531,0.093,18.81,360,3932,350,378,362
852,0.51161,0.53237,0.09531,0.09296,18.83,358,3932,348,373,381
853,0.51169,0.53118,0.0953,0.09308,18.85,351,3943,339,359,369
854,0.51218,0.53243,0.09526,0.09295,18.87,359,3930,344,372,366
855,0.51199,0.53315,0.09527,0.09288,18.89,368,3919,346,383,368
856,0.51204,0.53327,0.09527,0.09287,18.91,359,3898,338,396,365
857,0.51164,0.53066,0.09531,0.09313,18.93,346,3925,316,351,365
858,0.51069,0.53231,0.0954,0.09297,18.94,372,3914,322,347,411
859,0.5125,0.5328,0.09523,0.09292,18.96,377,3889,325,375,343
860,0.51141,0.53161,0.09533,0.09304,18.98,363,3867,331,397,324
861,0.51322,0.53385,0.09515,0.09281,19.0,355,3867,338,382,358
862,0.51195,0.53333,0.09528,0.09286,19.02,348,3880,340,351,403
863,0.51161,0.53044,0.09531,0.09315,19.04,343,3898,339,333,349
864,0.51286,0.53476,0.09519,0.09272,19.06,379,3867,370,365,366
865,0.51325,0.53526,0.09515,0.09267,19.08,368,3849,367,385,365
866,0.51417,0.53431,0.09506,0.09277,19.1,330,3832,334,392,347
867,0.51412,0.53414,0.09507,0.09278,19.12,319,3817,315,382,361
868,0.51427,0.53525,0.09505,0.09267,19.14,338,3823,314,356,399
869,0.51503,0.53516,0.09498,0.09268,19.15,377,3831,321,344,361
870,0.51375,0.53586,0.0951,0.09261,19.17,400,3778,342,383,352
871,0.51466,0.53509,0.09501,0.09269,19.19,353,3767,342,388,342
872,0.5149,0.53489,0.09499,0.09271,19.21,328,3786,339,363,365
873,0.51257,0.53516,0.09522,0.09268,19.23,338,3784,348,358,422
874,0.51466,0.53434,0.09501,0.09276,19.25,343,3790,349,359,342
875,0.51434,0.53575,0.09504,0.09262,19.27,382,3764,364,387,328
876,0.51523,0.53711,0.09496,0.09249,19.29,386,3770,356,382,345
877,0.51662,0.53732,0.09482,0.09247,19.31,352,3812,332,343,375
878,0.51445,0.53494,0.09503,0.0927,19.33,330,3837,323,327,401
879,0.51574,0.53718,0.09491,0.09248,19.34,335,3780,334,386,370
880,0.51599,0.53683,0.09488,0.09252,19.36,349,3792,347,387,329
881,0.51602,0.53653,0.09488,0.09255,19.38,379,3840,358,348,333
882,0.51545,0.53934,0.09494,0.09227,19.4,395,3808,367,376,377
883,0.51739,0.53749,0.09475,0.09245,19.42,333,3837,336,351,364
884,0.51657,0.53778,0.09483,0.09242,19.44,310,3798,324,385,372
885,0.51717,0.5386,0.09477,0.09234,19.46,311,3805,327,381,380
886,0.51693,0.53692,0.09479,0.09251,19.48,333,3847,338,347,363
887,0.51569,0.54007,0.09491,0.09219,19.5,394,3802,370,390,376
888,0.51797,0.5388,0.09469,0.09232,19.52,371,3835,352,360,340
889,0.51868,0.54012,0.09462,0.09219,19.53,347,3802,331,383,354
890,0.51847,0.5405,0.09464,0.09215,19.55,339,3806,318,373,389
891,0.51761,0.53763,0.09472,0.09244,19.57,340,3844,312,339,371
892,0.51792,0.54135,0.09469,0.09206,19.59,385,3795,329,382,379
893,0.51945,0.54111,0.09454,0.09209,19.61,377,3815,330,369,344
894,0.51746,0.53717,0.09474,0.09248,19.63,352,3845,329,347,336
895,0.51504,0.53974,0.09498,0.09222,19.65,360,3782,351,407,400
896,0.51978,0.54041,0.09451,0.09216,19.67,331,3829,335,363,353
897,0.5192,0.53936,0.09457,0.09226,19.69,338,3839,335,351,350
898,0.51474,0.53984,0.09501,0.09222,19.71,381,3773,351,403,400
899,0.51992,0.54068,0.0945,0.09213,19.72,358,3819,326,355,341
900,0.51694,0.53629,0.09479,0.09257,19.74,357,3839,318,333,331
901,0.51286,0.53845,0.09519,0.09235,19.76,403,3750,342,405,399
902,0.52071,0.54211,0.09442,0.09199,19.78,348,3803,329,362,356
903,0.51473,0.5337,0.09501,0.09283,19.8,319,3852,327,323,344
904,0.51751,0.54234,0.09473,0.09196,19.82,352,3799,365,375,415
905,0.52044,0.54348,0.09445,0.09185,19.84,352,3798,372,385,350
906,0.51819,0.53821,0.09467,0.09238,19.86,344,3836,356,352,312
907,0.51997,0.54299,0.09449,0.0919,19.88,371,3790,359,391,332
908,0.5206,0.54449,0.09443,0.09175,19.9,380,3800,342,372,376
909,0.51899,0.53985,0.09459,0.09221,19.92,344,3857,315,319,376
910,0.51926,0.54048,0.09456,0.09215,19.94,341,3856,315,322,384
911,0.52127,0.54492,0.09436,0.0917,19.96,364,3803,335,377,377
912,0.52171,0.5444,0.09432,0.09176,19.98,364,3808,346,383,333
913,0.51976,0.54062,0.09451,0.09214,20.0,358,3852,351,349,321
914,0.52243,0.54612,0.09425,0.09158,20.02,371,3828,366,374,362
915,0.52168,0.54611,0.09432,0.09158,20.04,357,3818,355,380,390
916,0.51966,0.53993,0.09452,0.09221,20.06,322,3855,324,345,347
917,0.52332,0.54543,0.09416,0.09165,20.07,336,3827,328,371,362
918,0.52061,0.5455,0.09443,0.09165,20.09,364,3796,339,397,389
919,0.52183,0.54311,0.09431,0.09189,20.11,361,3849,328,349,345
920,0.52367,0.54619,0.09413,0.09158,20.13,373,3829,331,365,349
921,0.52143,0.54609,0.09435,0.09159,20.15,372,3791,337,400,375
922,0.52381,0.54564,0.09411,0.09163,20.17,341,3832,322,359,365
923,0.52376,0.54581,0.09412,0.09161,20.19,336,3832,320,356,376
924,0.52274,0.54682,0.09422,0.09151,20.21,351,3793,332,391,381
925,0.52426,0.54678,0.09407,0.09152,20.23,357,3817,333,368,349
926,0.52287,0.54466,0.09421,0.09173,20.25,369,3844,336,342,351
927,0.52285,0.54776,0.09421,0.09142,20.27,384,3800,348,379,379
928,0.52471,0.54734,0.09402,0.09146,20.28,345,3814,334,368,356
929,0.52302,0.544,0.09419,0.0918,20.3,321,3838,327,346,356
930,0.5207,0.54582,0.09442,0.09161,20.32,338,3781,346,398,401
931,0.52467,0.54769,0.09403,0.09142,20.34,342,3806,347,377,349
932,0.5207,0.54158,0.09442,0.09204,20.36,352,3858,346,330,328
933,0.52282,0.54715,0.09421,0.09148,20.38,391,3843,369,342,379
934,0.52087,0.5467,0.0944,0.09152,20.4,372,3780,363,398,388
935,0.52222,0.54368,0.09427,0.09183,20.42,314,3803,322,373,326
936,0.52038,0.54054,0.09445,0.09214,20.44,304,3830,314,346,329
937,0.51784,0.54452,0.0947,0.09174,20.46,354,3780,352,392,427
938,0.52592,0.54968,0.0939,0.09122,20.47,364,3818,359,364,355
939,0.51897,0.53974,0.09459,0.09222,20.49,358,3862,353,328,305
940,0.52389,0.54754,0.09411,0.09144,20.51,390,3828,374,365,319
941,0.52152,0.5475,0.09434,0.09144,20.53,380,3780,370,410,361
942,0.52579,0.54872,0.09392,0.09132,20.55,321,3826,321,359,379
943,0.52041,0.54161,0.09445,0.09204,20.57,291,3858,294,326,381
944,0.52302,0.54667,0.09419,0.09153,20.59,298,3827,303,356,412
945,0.52382,0.54748,0.09411,0.09145,20.61,314,3790,326,404,353
946,0.52582,0.54878,0.09391,0.09132,20.63,345,3821,347,381,324
947,0.5235,0.54718,0.09414,0.09148,20.64,392,3856,369,350,335
948,0.52402,0.54883,0.09409,0.09131,20.66,392,3855,368,349,369
949,0.52713,0.55059,0.09379,0.09113,20.68,337,3836,338,366,377
950,0.5233,0.54732,0.09416,0.09146,20.7,304,3784,316,411,362
951,0.5249,0.54715,0.09401,0.09148,20.72,291,3816,296,373,359
952,0.52391,0.54631,0.0941,0.09156,20.74,306,3848,299,339,395
953,0.5271,0.55161,0.09379,0.09103,20.76,345,3813,325,373,387
954,0.52674,0.55095,0.09382,0.09109,20.78,379,3813,348,380,333
955,0.52404,0.54678,0.09409,0.09152,20.8,387,3845,353,353,311
956,0.52659,0.55108,0.09384,0.09108,20.82,373,3807,354,387,332
957,0.52793,0.55223,0.09371,0.09096,20.84,338,3814,335,373,376
958,0.52498,0.54784,0.094,0.09141,20.86,309,3849,315,337,395
959,0.52741,0.55052,0.09376,0.09114,20.88,307,3822,316,362,372
960,0.52692,0.551,0.09381,0.09109,20.9,323,3797,331,390,358
961,0.52882,0.55254,0.09362,0.09093,20.92,348,3824,348,367,351
962,0.52671,0.55057,0.09383,0.09113,20.94,374,3852,359,340,358
963,0.52793,0.55243,0.09371,0.09094,20.96,377,3837,359,353,364
964,0.52641,0.55138,0.09386,0.09105,20.97,351,3781,341,401,354
965,0.52665,0.54955,0.09383,0.09124,20.99,317,3796,310,377,341
966,0.5267,0.54877,0.09383,0.09132,21.01,313,3834,299,336,370
967,0.52536,0.55101,0.09396,0.09109,21.03,344,3809,314,353,421
968,0.5288,0.55214,0.09362,0.09097,21.06,359,3813,328,358,340
969,0.52678,0.5503,0.09382,0.09116,21.08,381,3818,351,364,304
970,0.52703,0.55141,0.0938,0.09105,21.1,387,3820,366,370,312
971,0.5295,0.55337,0.09355,0.09085,21.12,356,3832,358,362,347
972,0.52789,0.55353,0.09371,0.09083,21.14,331,3818,344,372,400
973,0.52823,0.55088,0.09368,0.0911,21.17,299,3839,321,356,365
974,0.52741,0.55147,0.09376,0.09104,21.19,298,3801,321,393,357
975,0.52918,0.55301,0.09358,0.09089,21.21,306,3820,326,376,363
976,0.52843,0.55193,0.09366,0.091,21.23,328,3853,338,346,374
977,0.52905,0.55416,0.09359,0.09077,21.25,368,3842,362,359,371
978,0.52668,0.55317,0.09383,0.09087,21.27,385,3794,364,402,343
979,0.52871,0.5514,0.09363,0.09105,21.29,346,3827,326,362,318
980,0.52958,0.55226,0.09354,0.09096,21.31,345,3830,310,348,344
981,0.5263,0.55311,0.09387,0.09088,21.33,371,3796,314,368,413
982,0.53056,0.55426,0.09344,0.09076,21.35,354,3815,307,355,356
983,0.52829,0.55042,0.09367,0.09115,21.37,349,3834,309,343,329
984,0.52766,0.55416,0.09373,0.09077,21.39,388,3781,336,393,369
985,0.52928,0.55545,0.09357,0.09064,21.41,371,3794,339,384,374
986,0.52672,0.54877,0.09383,0.09132,21.43,327,3855,324,331,346
987,0.52987,0.55373,0.09351,0.09081,21.45,330,3842,337,345,383
988,0.52479,0.55231,0.09402,0.09096,21.47,346,3769,355,413,399
989,0.52879,0.55297,0.09362,0.09089,21.49,334,3787,337,395,326
990,0.52529,0.54669,0.09397,0.09153,21.51,339,3840,322,339,302
991,0.52851,0.55472,0.09365,0.09071,21.52,402,3786,343,378,346
992,0.52731,0.55444,0.09377,0.09074,21.54,392,3779,341,379,388
993,0.53009,0.55289,0.09349,0.0909,21.56,320,3825,316,339,353
994,0.52877,0.55117,0.09362,0.09107,21.58,294,3836,316,332,366
995,0.52549,0.55252,0.09395,0.09094,21.6,307,3777,345,387,419
996,0.52912,0.55382,0.09359,0.0908,21.62,305,3779,359,396,343
997,0.52841,0.55126,0.09366,0.09106,21.64,312,3820,362,359,309
998,0.53034,0.55425,0.09347,0.09076,21.66,349,3833,378,345,332
999,0.52624,0.55475,0.09387,0.09071,21.68,398,3798,384,368,391
1000,0.53231,0.55656,0.09327,0.09052,21.7,355,3819,335,343,353
1001,0.52827,0.55024,0.09367,0.09117,21.72,324,3834,300,326,336
1002,0.52905,0.55478,0.09359,0.09071,21.74,346,3779,299,368,393
1003,0.52889,0.55486,0.09361,0.0907,21.76,361,3767,300,381,382
1004,0.53082,0.55398,0.09342,0.09079,21.78,354,3818,298,345,327
1005,0.52894,0.55177,0.09361,0.09101,21.79,375,3846,312,327,324
1006,0.52899,0.55665,0.0936,0.09051,21.81,412,3802,340,371,370
1007,0.53261,0.55883,0.09324,0.09029,21.83,356,3811,340,374,374
1008,0.52914,0.55177,0.09359,0.09101,21.85,296,3851,326,347,348
1009,0.5321,0.55702,0.09329,0.09048,21.87,279,3824,336,381,374
1010,0.52979,0.55648,0.09352,0.09053,21.89,270,3809,350,404,390
1011,0.52987,0.55325,0.09351,0.09086,21.91,259,3855,344,364,357
1012,0.53004,0.5537,0.0935,0.09082,21.93,259,3859,348,362,360
1013,0.53123,0.55724,0.09338,0.09045,21.95,270,3834,363,389,387
1014,0.53044,0.55709,0.09346,0.09047,21.97,281,3809,357,408,371
1015,0.52995,0.55292,0.09351,0.09089,21.99,286,3854,330,352,343
1016,0.53266,0.55683,0.09323,0.0905,22.01,320,3844,327,349,368
1017,0.52824,0.55635,0.09367,0.09055,22.03,375,3782,335,395,390
1018,0.53227,0.55799,0.09327,0.09038,22.05,379,3793,318,376,335
1019,0.52846,0.55069,0.09365,0.09112,22.07,359,3839,299,329,300
1020,0.53169,0.55649,0.09333,0.09053,22.09,387,3797,308,359,315
1021,0.53155,0.55816,0.09335,0.09036,22.11,389,3774,320,377,358
1022,0.53331,0.55919,0.09317,0.09026,22.13,345,3796,317,359,382
1023,0.53148,0.55454,0.09335,0.09073,22.15,303,3839,315,327,366
1024,0.53341,0.55865,0.09316,0.09031,22.16,298,3807,335,361,379
1025,0.53261,0.55872,0.09324,0.0903,22.18,297,3792,356,384,373
1026,0.53344,0.55858,0.09316,0.09032,22.2,296,3812,364,370,353
1027,0.53243,0.55644,0.09326,0.09054,22.22,303,3842,362,343,357
1028,0.53298,0.56012,0.0932,0.09016,22.24,328,3802,364,375,383
1029,0.53447,0.56053,0.09305,0.09012,22.26,340,3803,345,370,359
1030,0.53358,0.55717,0.09314,0.09046,22.28,346,3834,320,337,333
1031,0.53438,0.56042,0.09306,0.09013,22.3,383,3812,314,350,355
1032,0.53398,0.56048,0.0931,0.09012,22.31,387,3813,307,348,368
1033,0.53395,0.55772,0.09311,0.09041,22.33,348,3837,295,332,350
1034,0.53467,0.56013,0.09303,0.09016,22.35,339,3807,299,362,364
1035,0.53454,0.56061,0.09305,0.09011,22.37,336,3804,308,372,373
1036,0.5352,0.55965,0.09298,0.09021,22.39,332,3837,318,351,360
1037,0.5358,0.56212,0.09292,0.08995,22.41,350,3821,338,372,359
1038,0.53549,0.56209,0.09295,0.08996,22.43,361,3825,350,373,354
1039,0.53479,0.56002,0.09302,0.09017,22.45,355,3842,344,357,349
1040,0.53536,0.56222,0.09296,0.08994,22.47,354,3810,335,383,361
1041,0.53615,0.56187,0.09289,0.08998,22.49,340,3820,313,367,365
1042,0.53487,0.55927,0.09301,0.09025,22.5,332,3841,297,343,372
1043,0.53457,0.56157,0.09304,0.09001,22.52,352,3798,297,376,384
1044,0.53537,0.56108,0.09296,0.09006,22.54,354,3800,293,375,350
1045,0.53508,0.55919,0.09299,0.09026,22.56,358,3833,291,345,338
1046,0.53588,0.56259,0.09291,0.08991,22.58,385,3821,302,354,368
1047,0.53619,0.56296,0.09288,0.08987,22.6,375,3824,307,354,376
1048,0.53601,0.56047,0.0929,0.09012,22.62,341,3836,306,351,353
1049,0.53543,0.56201,0.09296,0.08997,22.64,336,3800,319,389,358
1050,0.53645,0.56289,0.09286,0.08988,22.66,332,3814,326,379,364
1051,0.53495,0.55987,0.09301,0.09019,22.67,331,3852,328,344,365
1052,0.53562,0.56187,0.09294,0.08998,22.69,348,3846,341,350,378
1053,0.53458,0.56273,0.09304,0.08989,22.71,364,3799,350,394,362
1054,0.53649,0.56215,0.09285,0.08995,22.73,348,3816,331,374,330
1055,0.53333,0.55686,0.09317,0.09049,22.75,338,3848,314,338,326
1056,0.53662,0.5639,0.09284,0.08977,22.77,367,3812,322,364,373
1057,0.53544,0.56343,0.09296,0.08982,22.79,371,3808,322,364,387
1058,0.53541,0.55943,0.09296,0.09023,22.81,340,3842,311,338,341
1059,0.53691,0.56296,0.09281,0.08987,22.83,349,3806,321,371,343
1060,0.5364,0.56385,0.09286,0.08978,22.85,360,3799,332,377,364
1061,0.53743,0.56316,0.09276,0.08985,22.86,349,3835,331,345,366
1062,0.53781,0.56385,0.09272,0.08978,22.88,347,3830,332,349,367
1063,0.53744,0.56427,0.09276,0.08973,22.9,347,3806,335,371,359
1064,0.53771,0.56372,0.09273,0.08979,22.92,342,3813,331,364,349
1065,0.53777,0.56313,0.09272,0.08985,22.94,341,3832,328,347,358
1066,0.53761,0.56504,0.09274,0.08965,22.96,358,3819,334,358,380
1067,0.5383,0.56474,0.09267,0.08968,22.98,355,3824,331,355,360
1068,0.53777,0.56299,0.09272,0.08987,23.0,348,3831,327,352,340
1069,0.53787,0.5649,0.09271,0.08967,23.02,355,3809,332,374,352
1070,0.53846,0.56537,0.09265,0.08962,23.04,352,3821,329,363,364
1071,0.537,0.56235,0.0928,0.08993,23.06,340,3847,322,341,363
1072,0.53838,0.56546,0.09266,0.08961,23.08,346,3817,327,369,366
1073,0.53825,0.56533,0.09268,0.08962,23.09,348,3812,327,375,358
1074,0.53797,0.5631,0.0927,0.08985,23.11,343,3838,321,352,345
1075,0.53843,0.5659,0.09266,0.08957,23.13,362,3815,326,371,362
1076,0.53876,0.56606,0.09262,0.08955,23.15,364,3821,323,363,366
1077,0.53761,0.56284,0.09274,0.08988,23.17,349,3844,314,342,356
1078,0.53861,0.56593,0.09264,0.08956,23.19,355,3810,317,371,365
1079,0.53857,0.56583,0.09264,0.08957,23.21,350,3807,315,373,366
1080,0.53854,0.56387,0.09265,0.08977,23.23,341,3836,310,347,359
1081,0.5392,0.56621,0.09258,0.08953,23.25,351,3818,316,362,368
1082,0.53921,0.5664,0.09258,0.08951,23.27,354,3816,320,365,365
1083,0.53933,0.56547,0.09257,0.08961,23.29,350,3831,321,354,358
1084,0.53951,0.56656,0.09255,0.0895,23.31,355,3821,325,364,359
1085,0.53964,0.56667,0.09254,0.08949,23.33,354,3824,326,363,360
1086,0.53946,0.56562,0.09255,0.08959,23.35,348,3834,323,355,357
1087,0.53918,0.56677,0.09258,0.08948,23.37,350,3812,324,376,362
1088,0.53979,0.56658,0.09252,0.0895,23.39,345,3822,319,365,357
1089,0.539,0.56465,0.0926,0.08969,23.41,341,3840,317,349,356
1090,0.53851,0.56683,0.09265,0.08947,23.43,360,3805,326,380,369
1091,0.53997,0.56703,0.0925,0.08945,23.44,353,3820,320,365,354
1092,0.53809,0.5632,0.09269,0.08984,23.46,345,3845,315,341,344
1093,0.53967,0.56745,0.09253,0.08941,23.48,361,3812,324,369,362
1094,0.53964,0.56753,0.09254,0.0894,23.5,359,3811,324,369,367
1095,0.5392,0.56464,0.09258,0.0897,23.52,341,3839,317,344,353
1096,0.53999,0.5675,0.0925,0.0894,23.54,350,3811,322,367,364
1097,0.54,0.56762,0.0925,0.08939,23.56,352,3810,322,367,365
1098,0.53982,0.5656,0.09252,0.0896,23.58,342,3835,316,344,357
1099,0.5404,0.56779,0.09246,0.08937,23.6,351,3815,321,361,365
1100,0.54037,0.56792,0.09246,0.08936,23.62,353,3813,322,363,364
1101,0.54041,0.56658,0.09246,0.0895,23.63,347,3832,320,347,355
1102,0.54078,0.56802,0.09242,0.08935,23.65,353,3821,323,357,361
1103,0.5408,0.56827,0.09242,0.08932,23.67,354,3820,325,360,361
1104,0.54075,0.56724,0.09242,0.08943,23.69,348,3833,324,350,357
1105,0.5407,0.56843,0.09243,0.0893,23.71,351,3815,327,368,360
1106,0.54105,0.56805,0.09239,0.08934,23.73,344,3824,323,362,353
1107,0.54073,0.56702,0.09243,0.08945,23.75,341,3836,322,351,355
1108,0.54046,0.56871,0.09245,0.08928,23.77,352,3812,327,372,368
1109,0.54127,0.56831,0.09237,0.08932,23.79,345,3824,321,361,354
1110,0.54039,0.56624,0.09246,0.08953,23.81,340,3838,317,348,349
1111,0.53984,0.56854,0.09252,0.08929,23.83,359,3802,325,380,367
1112,0.54129,0.56894,0.09237,0.08925,23.85,354,3816,319,365,358
1113,0.53915,0.56451,0.09259,0.08971,23.86,342,3846,311,337,346
1114,0.54113,0.56931,0.09239,0.08921,23.88,357,3816,318,362,373
1115,0.54097,0.56924,0.0924,0.08922,23.9,356,3810,318,368,369
1116,0.54075,0.56652,0.09242,0.0895,23.92,339,3834,311,349,344
1117,0.54146,0.56884,0.09235,0.08926,23.94,347,3813,318,369,350
1118,0.5413,0.56964,0.09237,0.08918,23.96,355,3814,323,368,369
1119,0.54095,0.56753,0.0924,0.0894,23.98,346,3841,319,344,364
1120,0.54177,0.56965,0.09232,0.08918,24.0,352,3816,322,367,359
1121,0.54176,0.56917,0.09232,0.08923,24.02,346,3815,318,368,349
1122,0.54188,0.56848,0.09231,0.0893,24.03,346,3832,315,352,352
1123,0.54197,0.57005,0.0923,0.08914,24.05,359,3823,319,358,367
1124,0.54224,0.56974,0.09227,0.08917,24.07,357,3827,317,354,360
1125,0.54218,0.569,0.09228,0.08924,24.09,351,3828,314,354,347
1126,0.54214,0.56985,0.09228,0.08916,24.11,354,3816,317,366,350
1127,0.54245,0.57012,0.09225,0.08913,24.13,353,3824,318,359,359
1128,0.54196,0.5689,0.0923,0.08926,24.15,348,3838,317,347,363
1129,0.54181,0.57025,0.09232,0.08912,24.17,350,3809,321,374,362
1130,0.54237,0.56968,0.09226,0.08918,24.19,340,3818,316,366,348
1131,0.54192,0.56822,0.09231,0.08933,24.21,342,3837,314,348,350
1132,0.54136,0.57054,0.09236,0.08909,24.23,360,3808,322,372,376
1133,0.54275,0.57059,0.09222,0.08908,24.25,350,3820,315,360,361
1134,0.54064,0.56623,0.09244,0.08953,24.27,338,3843,307,339,344
1135,0.54192,0.57058,0.09231,0.08908,24.29,357,3804,314,372,365
1136,0.54185,0.57069,0.09231,0.08907,24.3,359,3804,312,370,370
1137,0.54121,0.56692,0.09238,0.08946,24.32,341,3841,301,337,347
1138,0.54285,0.57058,0.09221,0.08908,24.34,354,3814,304,360,356
1139,0.54211,0.57091,0.09229,0.08905,24.37,364,3805,309,367,367
1140,0.54286,0.5696,0.09221,0.08918,24.39,350,3831,305,345,353
1141,0.54327,0.5707,0.09217,0.08907,24.41,352,3826,309,351,358
1142,0.54314,0.57145,0.09218,0.08899,24.43,353,3818,314,361,365
1143,0.5434,0.5709,0.09216,0.08905,24.45,344,3828,315,354,360
1144,0.54343,0.57081,0.09215,0.08906,24.47,340,3827,317,358,354
1145,0.54339,0.57155,0.09216,0.08898,24.49,344,3820,321,367,357
1146,0.54354,0.57111,0.09214,0.08903,24.51,344,3831,321,358,356
1147,0.54363,0.57172,0.09213,0.08896,24.53,348,3826,321,362,359
1148,0.54372,0.57166,0.09213,0.08897,24.55,348,3826,318,361,356
1149,0.54374,0.57123,0.09212,0.08901,24.57,345,3829,314,358,352
1150,0.54378,0.57184,0.09212,0.08895,24.59,350,3822,313,363,354
1151,0.54389,0.57169,0.09211,0.08897,24.61,352,3829,311,356,357
1152,0.54396,0.57194,0.0921,0.08894,24.63,354,3827,311,357,358
1153,0.54403,0.57199,0.09209,0.08893,24.64,352,3825,310,359,356
1154,0.54405,0.57163,0.09209,0.08897,24.66,345,3828,308,356,356
1155,0.54407,0.57225,0.09209,0.08891,24.68,346,3822,309,361,362
1156,0.54418,0.57217,0.09208,0.08892,24.7,346,3827,310,358,362
1157,0.5442,0.57195,0.09208,0.08894,24.72,349,3830,310,356,358
1158,0.5441,0.57261,0.09209,0.08887,24.74,356,3819,313,366,355
1159,0.5443,0.5721,0.09207,0.08892,24.76,354,3826,309,359,349
1160,0.54432,0.57201,0.09206,0.08893,24.78,353,3831,306,354,356
1161,0.54393,0.57297,0.0921,0.08883,24.8,357,3816,307,366,368
1162,0.54441,0.57183,0.09206,0.08895,24.82,344,3829,300,355,353
1163,0.54447,0.57195,0.09205,0.08894,24.84,342,3827,299,357,353
1164,0.54432,0.57309,0.09206,0.08882,24.86,350,3818,305,365,366
1165,0.54463,0.57259,0.09203,0.08887,24.88,349,3831,306,355,362
1166,0.54476,0.57281,0.09202,0.08885,24.9,351,3827,308,360,354
1167,0.54476,0.57296,0.09202,0.08883,24.92,352,3823,308,363,351
1168,0.54477,0.57236,0.09202,0.0889,24.94,347,3829,305,357,351
1169,0.54482,0.57342,0.09201,0.08879,24.96,350,3822,305,363,363
1170,0.54493,0.57297,0.092,0.08883,24.98,348,3829,301,355,363
1171,0.54503,0.57295,0.09199,0.08883,25.0,347,3826,300,357,356
1172,0.54505,0.57339,0.09199,0.08879,25.02,351,3822,300,360,357
1173,0.54508,0.57282,0.09199,0.08885,25.04,350,3830,297,353,356
1174,0.54507,0.57374,0.09199,0.08875,25.06,356,3821,298,360,362
1175,0.54521,0.57305,0.09197,0.08882,25.08,351,3829,294,353,357
1176,0.54529,0.57343,0.09197,0.08879,25.09,349,3824,295,358,356
1177,0.54535,0.57373,0.09196,0.08875,25.11,350,3824,296,359,360
1178,0.54536,0.57335,0.09196,0.08879,25.13,351,3831,299,355,359
1179,0.54529,0.57418,0.09197,0.08871,25.15,356,3820,303,365,358
1180,0.54548,0.57345,0.09195,0.08878,25.17,349,3828,300,359,351
1181,0.54555,0.57363,0.09194,0.08876,25.19,349,3827,299,360,351
1182,0.54561,0.57417,0.09193,0.08871,25.21,351,3824,299,362,357
1183,0.54561,0.57378,0.09193,0.08875,25.23,348,3831,298,356,361
1184,0.54561,0.57437,0.09193,0.08869,25.25,348,3821,297,365,360
1185,0.54567,0.57344,0.09193,0.08878,25.26,342,3828,294,359,350
1186,0.54584,0.57413,0.09191,0.08871,25.28,345,3825,296,360,357
1187,0.54582,0.57455,0.09191,0.08867,25.3,349,3827,298,358,366
1188,0.5459,0.5742,0.09191,0.08871,25.32,349,3830,298,355,361
1189,0.54589,0.57447,0.09191,0.08868,25.34,351,3820,298,364,351
1190,0.54592,0.57391,0.0919,0.08874,25.36,350,3825,295,359,346
1191,0.54607,0.57466,0.09189,0.08866,25.38,356,3828,295,354,361
1192,0.54605,0.57487,0.09189,0.08863,25.4,357,3826,294,354,366
1193,0.54621,0.57441,0.09187,0.08868,25.42,350,3827,290,354,357
1194,0.54617,0.57448,0.09188,0.08868,25.43,348,3821,289,360,352
1195,0.54626,0.57434,0.09187,0.08869,25.45,347,3825,289,357,351
1196,0.54636,0.57496,0.09186,0.08863,25.47,352,3827,292,355,361
1197,0.54636,0.57519,0.09186,0.0886,25.49,354,3827,294,356,363
1198,0.54647,0.57485,0.09185,0.08864,25.51,349,3826,295,360,351
1199,0.5464,0.57464,0.09185,0.08866,25.53,347,3826,296,362,345
1200,0.54656,0.57528,0.09184,0.08859,25.55,350,3825,299,363,353
1201,0.54645,0.57527,0.09185,0.08859,25.57,352,3831,300,357,364
1202,0.54658,0.57563,0.09184,0.08856,25.59,348,3823,298,364,360
1203,0.54645,0.57423,0.09185,0.0887,25.6,337,3829,291,359,346
1204,0.54665,0.57543,0.09183,0.08858,25.62,342,3820,292,364,357
1205,0.54677,0.57556,0.09182,0.08856,25.64,348,3828,292,355,366
1206,0.54677,0.57519,0.09182,0.0886,25.66,350,3831,291,351,362
1207,0.54665,0.57582,0.09183,0.08854,25.68,355,3816,293,365,354
1208,0.5468,0.57503,0.09181,0.08862,25.7,350,3823,289,358,344
1209,0.5468,0.57478,0.09181,0.08865,25.72,353,3831,288,349,351
1210,0.5461,0.57619,0.09188,0.0885,25.74,365,3813,292,364,372
1211,0.54712,0.57555,0.09178,0.08856,25.76,350,3828,286,351,358
1212,0.54661,0.57411,0.09183,0.08871,25.78,342,3834,285,347,349
1213,0.54598,0.57586,0.0919,0.08853,25.8,353,3802,291,375,363
1214,0.54709,0.57607,0.09178,0.08851,25.82,347,3816,289,362,357
1215,0.54524,0.57238,0.09197,0.0889,25.84,340,3846,285,335,352
1216,0.54668,0.57664,0.09183,0.08845,25.86,358,3816,293,361,373
1217,0.54704,0.57645,0.09179,0.08847,25.88,353,3813,292,365,358
1218,0.54627,0.57337,0.09187,0.08879,25.9,340,3835,286,347,337
1219,0.54687,0.57646,0.09181,0.08847,25.91,352,3809,292,369,358
1220,0.54732,0.57678,0.09176,0.08844,25.93,351,3818,291,359,366
1221,0.54571,0.57304,0.09192,0.08883,25.95,338,3846,284,335,357
1222,0.54723,0.57692,0.09177,0.08842,25.97,352,3816,290,361,368
1223,0.54733,0.57666,0.09176,0.08845,25.99,352,3812,289,365,354
1224,0.54687,0.57421,0.09181,0.0887,26.01,341,3833,284,348,339
1225,0.54745,0.577,0.09175,0.08841,26.03,358,3814,290,363,356
1226,0.54764,0.57723,0.09173,0.08839,26.05,359,3822,289,355,367
1227,0.54656,0.57412,0.09184,0.08871,26.07,345,3842,283,338,354
1228,0.54684,0.5767,0.09181,0.08844,26.08,351,3802,287,374,359
1229,0.54731,0.57648,0.09176,0.08847,26.1,343,3806,283,370,351
1230,0.54659,0.5737,0.09184,0.08876,26.12,337,3839,276,339,348
1231,0.54729,0.57736,0.09176,0.08838,26.14,359,3810,283,362,370
1232,0.54779,0.57739,0.09171,0.08837,26.16,359,3813,281,359,361
1233,0.54667,0.57378,0.09183,0.08875,26.18,345,3839,275,338,343
1234,0.54733,0.57727,0.09176,0.08838,26.2,357,3804,280,367,364
1235,0.54772,0.57734,0.09172,0.08838,26.22,351,3808,279,364,363
1236,0.54662,0.57365,0.09183,0.08876,26.24,335,3840,273,337,348
1237,0.5476,0.57733,0.09173,0.08838,26.26,349,3805,281,369,360
1238,0.54771,0.57749,0.09172,0.08836,26.28,352,3806,283,369,359
1239,0.54716,0.57449,0.09178,0.08867,26.3,340,3839,278,340,347
1240,0.54799,0.57798,0.09169,0.08831,26.31,356,3812,286,363,364
1241,0.54831,0.57804,0.09166,0.0883,26.33,354,3815,285,360,362
1242,0.54725,0.57465,0.09177,0.08866,26.35,341,3840,278,339,348
1243,0.54751,0.57768,0.09174,0.08834,26.37,357,3802,285,372,358
1244,0.54801,0.57771,0.09169,0.08834,26.39,354,3806,282,368,352
1245,0.54697,0.57406,0.0918,0.08872,26.41,340,3840,273,337,341
1246,0.54796,0.57819,0.0917,0.08829,26.43,357,3809,279,362,371
1247,0.5482,0.57826,0.09167,0.08828,26.45,355,3810,278,361,368
1248,0.54737,0.57455,0.09176,0.08867,26.47,337,3838,272,339,342
1249,0.54838,0.57804,0.09165,0.0883,26.49,350,3807,279,367,355
1250,0.54836,0.5784,0.09166,0.08827,26.5,355,3808,280,366,362
1251,0.54812,0.57596,0.09168,0.08852,26.52,344,3839,275,339,354
1252,0.54886,0.57869,0.0916,0.08824,26.54,354,3816,279,359,364
1253,0.54899,0.5786,0.09159,0.08825,26.56,351,3815,278,360,359
1254,0.54847,0.57622,0.09164,0.08849,26.58,340,3835,272,344,347
1255,0.54881,0.5787,0.09161,0.08824,26.6,349,3811,277,365,362
1256,0.54904,0.57885,0.09159,0.08822,26.62,349,3815,276,361,363
1257,0.54828,0.57596,0.09166,0.08852,26.64,340,3839,272,342,348
1258,0.54869,0.57872,0.09162,0.08823,26.66,353,3807,276,370,355
1259,0.54911,0.57885,0.09158,0.08822,26.68,354,3812,274,365,353
1260,0.54831,0.57607,0.09166,0.08851,26.69,345,3841,268,339,349
1261,0.54858,0.57912,0.09163,0.08819,26.71,361,3809,273,364,370
1262,0.54938,0.57896,0.09155,0.08821,26.74,350,3813,269,362,356
1263,0.54843,0.5759,0.09165,0.08853,26.76,337,3836,263,342,343
1264,0.54868,0.57913,0.09162,0.08819,26.78,357,3806,269,367,368
1265,0.54939,0.5794,0.09155,0.08816,26.8,357,3814,267,360,365
1266,0.54772,0.57511,0.09172,0.08861,26.82,343,3844,259,334,345
1267,0.5491,0.57936,0.09158,0.08817,26.83,362,3807,265,365,362
1268,0.54903,0.57929,0.09159,0.08817,26.85,360,3805,263,367,361
1269,0.5485,0.57588,0.09164,0.08853,26.87,339,3838,254,339,342
1270,0.54971,0.57955,0.09152,0.08815,26.89,352,3814,257,358,366
1271,0.54955,0.57964,0.09153,0.08814,26.91,353,3814,255,358,373
1272,0.54923,0.57701,0.09157,0.08841,26.93,341,3836,250,340,351
1273,0.54982,0.57953,0.09151,0.08815,26.95,355,3811,253,362,355
1274,0.5498,0.57965,0.09151,0.08814,26.97,358,3810,252,363,356
1275,0.54963,0.57767,0.09153,0.08834,26.99,348,3836,246,340,351
1276,0.55006,0.57995,0.09148,0.0881,27.01,356,3814,248,359,363
1277,0.55027,0.57991,0.09146,0.08811,27.03,353,3816,247,359,359
1278,0.54981,0.57781,0.09151,0.08833,27.05,344,3836,243,344,350
1279,0.54993,0.58014,0.0915,0.08808,27.07,355,3811,246,365,366
1280,0.5504,0.58018,0.09145,0.08808,27.09,350,3816,244,362,362
1281,0.54947,0.57725,0.09154,0.08839,27.11,340,3840,239,342,350
1282,0.54945,0.58002,0.09154,0.0881,27.13,355,3804,244,374,366
1283,0.55043,0.58025,0.09145,0.08807,27.15,350,3813,239,365,359
1284,0.54886,0.57628,0.0916,0.08849,27.17,340,3843,231,338,346
1285,0.55014,0.58049,0.09147,0.08805,27.19,357,3811,234,362,372
1286,0.55037,0.58045,0.09145,0.08805,27.21,355,3810,230,363,366
1287,0.54966,0.5771,0.09152,0.0884,27.23,339,3837,222,340,344
1288,0.55047,0.5802,0.09144,0.08808,27.25,353,3807,226,366,354
1289,0.55035,0.58053,0.09145,0.08804,27.27,360,3807,225,365,362
1290,0.55023,0.57816,0.09147,0.08829,27.29,348,3838,220,338,353
1291,0.55097,0.58079,0.09139,0.08802,27.31,354,3816,222,358,364
1292,0.55105,0.58069,0.09138,0.08803,27.33,350,3815,221,361,359
1293,0.55094,0.57916,0.09139,0.08819,27.35,344,3832,219,347,350
1294,0.55115,0.58114,0.09137,0.08798,27.37,356,3819,223,359,365
1295,0.5514,0.58108,0.09135,0.08799,27.39,355,3825,223,355,364
1296,0.55083,0.57898,0.0914,0.08821,27.41,345,3836,221,348,348
1297,0.5506,0.58077,0.09143,0.08802,27.42,355,3806,224,375,351
1298,0.55133,0.5809,0.09135,0.088,27.44,350,3816,221,366,349
1299,0.55043,0.57857,0.09144,0.08825,27.46,346,3842,217,341,355
1300,0.55055,0.5813,0.09143,0.08796,27.48,361,3811,221,366,373
1301,0.55149,0.58111,0.09134,0.08798,27.5,351,3815,217,363,352
1302,0.55003,0.57737,0.09149,0.08837,27.52,337,3838,211,343,336
1303,0.55064,0.58099,0.09142,0.088,27.54,355,3802,216,372,359
1304,0.55084,0.58134,0.0914,0.08796,27.56,357,3806,216,366,368
1305,0.55005,0.57765,0.09148,0.08834,27.58,341,3843,210,335,349
1306,0.55181,0.58163,0.0913,0.08793,27.6,356,3818,214,355,361
1307,0.55134,0.58167,0.09135,0.08792,27.62,362,3810,216,362,363
1308,0.55175,0.58025,0.09131,0.08807,27.64,349,3829,214,347,345
1309,0.55208,0.58113,0.09128,0.08798,27.66,352,3827,216,349,354
1310,0.55167,0.58202,0.09132,0.08789,27.67,355,3816,220,360,368
1311,0.55213,0.58107,0.09127,0.08799,27.69,343,3830,218,350,357
1312,0.55223,0.58136,0.09126,0.08796,27.71,342,3826,219,356,353
1313,0.5522,0.58199,0.09127,0.08789,27.73,346,3820,222,362,357
1314,0.55234,0.58178,0.09125,0.08791,27.75,350,3829,223,354,359
1315,0.55238,0.58186,0.09125,0.0879,27.77,354,3829,223,355,356
1316,0.55236,0.58218,0.09125,0.08787,27.79,355,3822,223,362,350
1317,0.55247,0.58164,0.09124,0.08793,27.81,350,3827,220,356,348
1318,0.55258,0.58206,0.09123,0.08788,27.83,350,3826,218,356,354
1319,0.55256,0.58238,0.09123,0.08785,27.85,352,3824,216,356,362
1320,0.55259,0.58174,0.09123,0.08792,27.87,346,3830,214,351,358
1321,0.55265,0.58234,0.09122,0.08785,27.88,348,3821,214,359,356
1322,0.55275,0.58221,0.09121,0.08787,27.9,349,3825,213,355,355
1323,0.55273,0.5819,0.09121,0.0879,27.92,350,3830,212,351,356
1324,0.55257,0.58282,0.09123,0.0878,27.94,358,3819,215,360,361
1325,0.55286,0.58215,0.0912,0.08787,27.96,351,3828,213,353,354
1326,0.55291,0.58218,0.09119,0.08787,27.98,347,3826,212,356,352
1327,0.55288,0.58276,0.0912,0.08781,28.0,349,3820,214,361,356
1328,0.55301,0.58248,0.09118,0.08784,28.02,349,3829,214,354,358
1329,0.55307,0.5826,0.09118,0.08783,28.04,350,3828,214,355,357
1330,0.55302,0.58294,0.09118,0.08779,28.05,352,3821,215,362,354
1331,0.55308,0.58222,0.09118,0.08787,28.07,347,3829,213,355,349
1332,0.55316,0.58309,0.09117,0.08777,28.09,352,3824,214,358,359
1333,0.55323,0.58282,0.09116,0.0878,28.11,349,3829,212,354,360
1334,0.5533,0.58288,0.09115,0.0878,28.13,348,3825,212,357,354
1335,0.55333,0.58284,0.09115,0.0878,28.15,348,3825,213,358,352
1336,0.55337,0.58277,0.09115,0.08781,28.17,348,3827,213,356,352
1337,0.5534,0.58332,0.09114,0.08775,28.19,353,3824,215,359,355
1338,0.55346,0.58301,0.09114,0.08778,28.21,351,3829,215,354,355
1339,0.55353,0.58325,0.09113,0.08776,28.23,349,3825,214,357,355
1340,0.55358,0.58319,0.09112,0.08776,28.25,348,3825,213,357,354
1341,0.55362,0.58319,0.09112,0.08776,28.26,347,3827,213,355,356
1342,0.55365,0.58351,0.09112,0.08773,28.28,350,3826,213,356,359
1343,0.5537,0.58331,0.09111,0.08775,28.3,351,3828,213,354,355
1344,0.55373,0.58342,0.09111,0.08774,28.32,351,3824,213,358,350
1345,0.5538,0.58346,0.0911,0.08774,28.34,351,3826,213,355,353
1346,0.55381,0.58359,0.0911,0.08772,28.36,352,3828,213,353,360
1347,0.55388,0.58368,0.09109,0.08771,28.38,347,3824,213,357,356
1348,0.5539,0.58339,0.09109,0.08774,28.4,343,3826,212,356,353
1349,0.55396,0.58384,0.09109,0.0877,28.42,347,3825,214,357,359
1350,0.55401,0.58378,0.09108,0.0877,28.43,349,3828,215,355,358
1351,0.55406,0.58381,0.09108,0.0877,28.45,351,3826,215,357,352
1352,0.55403,0.58366,0.09108,0.08771,28.47,350,3825,214,359,346
1353,0.55414,0.58406,0.09107,0.08767,28.49,353,3826,214,356,355
1354,0.55414,0.58399,0.09107,0.08768,28.51,352,3829,213,353,359
1355,0.55423,0.58409,0.09106,0.08767,28.53,348,3824,212,358,355
1356,0.55418,0.58351,0.09106,0.08773,28.55,342,3827,209,355,349
1357,0.55427,0.58422,0.09105,0.08766,28.57,344,3823,210,358,358
1358,0.55432,0.58407,0.09105,0.08767,28.59,345,3828,210,353,360
1359,0.55442,0.58423,0.09104,0.08765,28.61,348,3825,211,357,354
1360,0.55442,0.58418,0.09104,0.08766,28.63,349,3825,212,358,349
1361,0.55448,0.58428,0.09103,0.08765,28.65,353,3828,212,354,353
1362,0.55447,0.5847,0.09103,0.08761,28.67,355,3825,212,356,359
1363,0.55457,0.58421,0.09102,0.08766,28.69,348,3828,211,354,354
1364,0.55456,0.58445,0.09102,0.08763,28.71,344,3822,210,360,352
1365,0.55463,0.58427,0.09102,0.08765,28.73,341,3826,209,356,353
1366,0.55467,0.58466,0.09101,0.08761,28.75,345,3827,211,355,361
1367,0.55472,0.58473,0.09101,0.0876,28.76,349,3828,212,354,360
1368,0.55478,0.58464,0.091,0.08761,28.78,352,3826,212,357,350
1369,0.55479,0.58449,0.091,0.08763,28.8,350,3825,211,357,346
1370,0.55486,0.58499,0.09099,0.08757,28.82,353,3826,211,355,357
1371,0.55484,0.58474,0.091,0.0876,28.84,351,3830,210,351,361
1372,0.55495,0.58497,0.09098,0.08758,28.86,348,3824,209,357,354
1373,0.55493,0.58455,0.09099,0.08762,28.88,344,3824,208,357,347
1374,0.55504,0.58481,0.09098,0.08759,28.9,346,3826,209,356,351
1375,0.55507,0.58522,0.09097,0.08755,28.92,353,3826,210,355,357
1376,0.55508,0.58508,0.09097,0.08756,28.93,355,3829,211,353,355
1377,0.55513,0.58524,0.09097,0.08755,28.95,353,3824,211,358,349
1378,0.5552,0.58502,0.09096,0.08757,28.97,348,3826,210,356,349
1379,0.55526,0.58527,0.09095,0.08754,28.99,347,3827,210,356,356
1380,0.55521,0.58555,0.09096,0.08751,29.01,348,3826,211,356,363
1381,0.55528,0.5849,0.09095,0.08758,29.03,343,3829,210,354,352
1382,0.55524,0.58542,0.09095,0.08753,29.05,348,3820,212,363,348
1383,0.5554,0.58526,0.09094,0.08755,29.07,349,3827,211,356,349
1384,0.55541,0.58549,0.09094,0.08752,29.09,354,3829,211,353,357
1385,0.55537,0.58595,0.09094,0.08747,29.1,355,3823,211,357,360
1386,0.55536,0.58468,0.09094,0.08761,29.12,344,3830,207,351,347
1387,0.55543,0.58561,0.09094,0.08751,29.14,346,3819,208,361,350
1388,0.55556,0.58593,0.09092,0.08747,29.16,350,3823,207,355,360
1389,0.55519,0.58457,0.09096,0.08762,29.18,349,3836,206,343,357
1390,0.55494,0.58589,0.09099,0.08748,29.2,356,3809,209,367,355
1391,0.55542,0.5853,0.09094,0.08754,29.22,348,3817,206,359,340
1392,0.55505,0.58393,0.09097,0.08769,29.24,344,3836,204,342,348
1393,0.55472,0.58614,0.09101,0.08745,29.26,357,3811,208,361,373
1394,0.55576,0.58591,0.0909,0.08748,29.28,345,3820,205,354,355
1395,0.55456,0.58294,0.09102,0.08779,29.29,335,3836,203,341,340
1396,0.55421,0.58573,0.09106,0.0875,29.32,353,3799,211,373,366
1397,0.55514,0.58612,0.09096,0.08745,29.34,349,3806,209,366,361
1398,0.55331,0.58131,0.09115,0.08796,29.36,333,3844,204,334,338
1399,0.55558,0.58641,0.09092,0.08742,29.38,355,3811,211,361,356
1400,0.55488,0.58639,0.09099,0.08743,29.4,361,3806,213,365,365
1401,0.55514,0.58385,0.09097,0.08769,29.42,341,3837,207,340,345
1402,0.55596,0.5862,0.09088,0.08745,29.43,346,3816,210,358,350
1403,0.5556,0.58665,0.09092,0.0874,29.45,353,3811,212,361,362
1404,0.55574,0.58495,0.0909,0.08758,29.47,344,3835,209,341,353
1405,0.556,0.58671,0.09088,0.08739,29.49,351,3815,213,359,356
1406,0.55617,0.5866,0.09086,0.0874,29.51,348,3817,213,358,352
1407,0.55575,0.58478,0.0909,0.0876,29.53,340,3835,211,343,346
1408,0.55541,0.58689,0.09094,0.08737,29.55,356,3809,217,364,366
1409,0.55636,0.58688,0.09084,0.08737,29.57,348,3820,215,356,355
1410,0.55486,0.58338,0.09099,0.08774,29.59,336,3840,211,340,340
1411,0.55485,0.5866,0.09099,0.0874,29.61,355,3801,217,372,366
1412,0.5559,0.58685,0.09089,0.08738,29.63,347,3808,213,365,358
1413,0.55406,0.58218,0.09108,0.08787,29.65,331,3843,205,334,338
1414,0.55587,0.58708,0.09089,0.08735,29.66,352,3809,210,360,366
1415,0.55572,0.58711,0.09091,0.08735,29.68,355,3808,209,360,368
1416,0.55488,0.5832,0.09099,0.08776,29.7,337,3839,203,335,339
1417,0.55628,0.58709,0.09085,0.08735,29.72,355,3810,208,358,355
1418,0.55598,0.5872,0.09088,0.08734,29.74,358,3807,209,360,361
1419,0.55584,0.58466,0.09089,0.08761,29.76,342,3836,203,336,346
1420,0.55654,0.58728,0.09082,0.08733,29.78,348,3813,207,356,360
1421,0.5565,0.58726,0.09083,0.08733,29.8,345,3812,209,360,358
1422,0.55625,0.58525,0.09085,0.08755,29.82,334,3834,206,343,346
1423,0.55648,0.58758,0.09083,0.0873,29.84,348,3813,213,362,362
1424,0.55688,0.58772,0.09079,0.08729,29.85,349,3820,214,358,359
1425,0.5557,0.58463,0.09091,0.08761,29.87,341,3841,211,341,345
1426,0.55581,0.58744,0.0909,0.08731,29.89,359,3805,218,374,353
1427,0.55668,0.58762,0.09081,0.0873,29.91,354,3813,215,366,347
1428,0.55515,0.5838,0.09096,0.0877,29.93,339,3844,206,336,342
1429,0.55653,0.58793,0.09082,0.08726,29.95,354,3812,210,362,363
1430,0.55671,0.58779,0.0908,0.08728,29.97,350,3811,208,363,357
1431,0.55595,0.58459,0.09088,0.08762,29.99,335,3837,201,340,338
1432,0.55661,0.58768,0.09081,0.08729,30.01,349,3807,206,365,356
1433,0.55674,0.58792,0.0908,0.08726,30.03,350,3810,205,361,362
1434,0.55626,0.58521,0.09085,0.08755,30.05,339,3839,200,336,350
1435,0.55679,0.5881,0.0908,0.08725,30.07,354,3810,205,361,363
1436,0.55709,0.58797,0.09076,0.08726,30.09,351,3812,205,361,353
1437,0.55649,0.58539,0.09083,0.08753,30.11,340,3835,201,341,340
1438,0.55709,0.58833,0.09077,0.08722,30.13,352,3814,205,358,365
1439,0.55728,0.58834,0.09075,0.08722,30.14,347,3818,205,354,367
1440,0.55629,0.58507,0.09085,0.08757,30.16,334,3838,201,340,344
1441,0.55678,0.58803,0.0908,0.08725,30.18,351,3805,207,369,352
1442,0.557,0.5882,0.09077,0.08724,30.2,354,3808,207,366,351
1443,0.55637,0.58526,0.09084,0.08755,30.22,343,3840,202,338,342
1444,0.5574,0.58861,0.09073,0.08719,30.24,358,3816,207,358,356
1445,0.55743,0.58867,0.09073,0.08719,30.26,356,3815,207,357,359
1446,0.55692,0.58597,0.09078,0.08747,30.28,339,3837,203,339,346
1447,0.55727,0.58855,0.09075,0.0872,30.29,349,3810,208,362,361
1448,0.55751,0.58847,0.09072,0.08721,30.31,345,3811,207,361,356
1449,0.55705,0.58609,0.09077,0.08746,30.33,337,3835,204,340,344
1450,0.55754,0.58885,0.09072,0.08717,30.35,356,3813,209,357,360
1451,0.55775,0.58891,0.0907,0.08716,30.37,358,3816,210,355,357
1452,0.55709,0.58627,0.09077,0.08744,30.39,345,3838,206,337,345
1453,0.55758,0.58872,0.09071,0.08718,30.41,350,3809,210,362,352
1454,0.55767,0.58867,0.09071,0.08719,30.44,345,3810,210,362,352
1455,0.5575,0.58674,0.09072,0.08739,30.46,335,3835,206,341,347
1456,0.55784,0.58906,0.09069,0.08714,30.48,346,3816,210,356,364
1457,0.55806,0.58913,0.09067,0.08714,30.49,347,3818,211,355,360
1458,0.55737,0.58652,0.09074,0.08741,30.51,340,3837,208,341,341
1459,0.55742,0.5891,0.09073,0.08714,30.53,360,3808,215,366,354
1460,0.55807,0.58919,0.09067,0.08713,30.55,355,3815,212,359,350
1461,0.55688,0.58582,0.09079,0.08749,30.57,339,3841,205,336,343
1462,0.55725,0.58916,0.09075,0.08713,30.59,353,3807,210,364,368
1463,0.55799,0.58917,0.09067,0.08713,30.61,345,3811,207,361,358
1464,0.55673,0.58536,0.0908,0.08754,30.63,330,3838,200,338,337
1465,0.55808,0.58926,0.09066,0.08712,30.65,347,3810,205,360,358
1466,0.55772,0.58943,0.0907,0.0871,30.67,355,3809,206,359,366
1467,0.5577,0.58692,0.0907,0.08737,30.69,342,3836,200,337,346
1468,0.55842,0.58939,0.09063,0.08711,30.7,350,3814,204,356,353
1469,0.55819,0.58949,0.09065,0.0871,30.72,351,3810,205,360,356
1470,0.55843,0.58817,0.09063,0.08724,30.74,341,3832,202,342,351
1471,0.55876,0.58959,0.09059,0.08709,30.76,346,3824,205,350,360
1472,0.55873,0.5898,0.0906,0.08707,30.78,349,3820,207,355,357
1473,0.55871,0.58873,0.0906,0.08718,30.8,344,3831,207,348,347
1474,0.55877,0.58987,0.09059,0.08706,30.82,349,3820,210,360,351
1475,0.55895,0.58959,0.09057,0.08709,30.84,345,3826,210,355,349
1476,0.55886,0.58913,0.09058,0.08714,30.86,344,3832,210,350,351
1477,0.55869,0.59005,0.0906,0.08704,30.87,348,3817,212,364,353
1478,0.55903,0.58962,0.09057,0.08708,30.89,342,3825,210,357,347
1479,0.55862,0.5884,0.09061,0.08721,30.91,339,3836,207,347,349
1480,0.55799,0.59003,0.09067,0.08704,30.93,352,3809,211,368,363
1481,0.55904,0.58981,0.09056,0.08706,30.95,344,3819,206,358,347
1482,0.55772,0.58677,0.0907,0.08739,30.97,336,3839,201,339,340
1483,0.55779,0.58993,0.09069,0.08705,30.99,359,3804,207,367,364
1484,0.55863,0.59011,0.09061,0.08703,31.01,354,3808,204,361,354
1485,0.55742,0.58617,0.09073,0.08745,31.03,336,3838,196,335,335
1486,0.55907,0.59002,0.09056,0.08704,31.05,349,3813,199,354,352
1487,0.55839,0.59021,0.09063,0.08702,31.07,356,3807,202,359,363
1488,0.55906,0.58888,0.09056,0.08716,31.08,344,3830,198,340,346
1489,0.55937,0.58969,0.09053,0.08708,31.1,346,3828,200,343,352
1490,0.55895,0.59057,0.09057,0.08698,31.12,356,3813,205,357,359
1491,0.55951,0.59005,0.09052,0.08704,31.14,347,3825,205,350,347
1492,0.55918,0.58907,0.09055,0.08714,31.16,342,3834,206,345,345
1493,0.5587,0.59062,0.0906,0.08698,31.18,349,3811,212,367,361
1494,0.55953,0.59045,0.09052,0.087,31.2,339,3821,210,359,350
1495,0.55812,0.58737,0.09066,0.08732,31.22,330,3842,206,341,344
1496,0.55867,0.59069,0.0906,0.08697,31.24,346,3810,212,369,364
1497,0.55922,0.59077,0.09055,0.08696,31.25,345,3812,211,366,354
1498,0.55814,0.58723,0.09066,0.08734,31.27,336,3840,204,340,336
1499,0.55902,0.59073,0.09057,0.08697,31.29,356,3808,209,366,350
